,Compound,Date,Negative,Neutral,Positive,Text,Tweets Ago,User
0,0.4019,Tue Jan 09 02:27:07 +0000 2018,0.838,0.0,0.162,"At the stroke of midnight, same-sex couples in Australia finally said yes: https://t.co/hT2Xzr5idO

???????????????… https://t.co/CX8dyjIjgS",1,@BBCWorld
1,-0.4215,Tue Jan 09 02:13:25 +0000 2018,0.682,0.318,0.0,The people protesting Trump's immigration deadline https://t.co/q1hNpFdUz3,2,@BBCWorld
2,-0.296,Tue Jan 09 02:13:25 +0000 2018,0.804,0.196,0.0,Calais Jungle: Police try to stop new camp forming https://t.co/ybBfR784Rc,3,@BBCWorld
3,0.0,Tue Jan 09 01:59:26 +0000 2018,1.0,0.0,0.0,"RT @BBCNewsAsia: 2018 Winter Olympics: North and South Korea begin high-level talks, the first between the countries in two years: https://…",4,@BBCWorld
4,0.0,Tue Jan 09 01:13:21 +0000 2018,1.0,0.0,0.0,Romania's changing face https://t.co/CVruZyesAm,5,@BBCWorld
5,0.0,Tue Jan 09 00:51:10 +0000 2018,1.0,0.0,0.0,Living with Brian's 'ghost' https://t.co/jToxbPOFeY,6,@BBCWorld
6,-0.4215,Tue Jan 09 00:25:27 +0000 2018,0.763,0.237,0.0,Caruana Galizia case: Malta ex-corruption investigator fears for life https://t.co/qT9VHvZSaL,7,@BBCWorld
7,-0.4767,Tue Jan 09 00:14:58 +0000 2018,0.744,0.256,0.0,US police chief 'kutecop4you' arrested in child sex sting https://t.co/Sxxvw2A3li,8,@BBCWorld
8,-0.128,Mon Jan 08 23:39:18 +0000 2018,0.62,0.209,0.171,Peru Pasamayo: Lorry driver admits causing deadly coach crash https://t.co/pY9BT8XPVB,9,@BBCWorld
9,0.0,Mon Jan 08 23:07:05 +0000 2018,1.0,0.0,0.0,Apple investigated by France for 'planned obsolescence' https://t.co/FtqlxiyTa5,10,@BBCWorld
10,0.0,Mon Jan 08 23:07:05 +0000 2018,1.0,0.0,0.0,Gay marriage: Couple among first to wed in Australia https://t.co/XnwH7WTkQ4,11,@BBCWorld
11,0.0,Mon Jan 08 22:45:45 +0000 2018,1.0,0.0,0.0,Russia probe: Trump lawyers 'in talks over Mueller interview' https://t.co/Q9DL0jnvis,12,@BBCWorld
12,-0.5574,Mon Jan 08 22:31:10 +0000 2018,0.882,0.118,0.0,"RT @BBCSport: Widnes Vikings' Kato Ottio has died at the age of 23.

He was due to travel to the UK next week in preparation for the start…",13,@BBCWorld
13,0.0,Mon Jan 08 22:21:04 +0000 2018,1.0,0.0,0.0,North and South Korea to begin high-level talks https://t.co/LL7q3bnNvF,14,@BBCWorld
14,0.0,Mon Jan 08 22:07:47 +0000 2018,1.0,0.0,0.0,Google sued over 'male discrimination' https://t.co/eu2lUxcE1p,15,@BBCWorld
15,0.0,Mon Jan 08 21:22:53 +0000 2018,1.0,0.0,0.0,Rugby League player Ottio dies aged 23 https://t.co/SvQfsQC5si,16,@BBCWorld
16,-0.3923,Mon Jan 08 21:20:13 +0000 2018,0.744,0.164,0.092,"RT @BBCNorthAmerica: - Sad!
- Bigly? Or big league?
- Covfefe
10 words and phrases invented or popularised by President Trump

https://t.co…",17,@BBCWorld
17,-0.7717,Mon Jan 08 21:09:40 +0000 2018,0.758,0.242,0.0,"RT @BBCSport: Widnes Vikings centre Kato Ottio has died at the age of 23 after suffering ""a sudden health issue"" in training.
https://t.co/…",18,@BBCWorld
18,-0.5719,Mon Jan 08 19:26:48 +0000 2018,0.515,0.485,0.0,'Raw water': A dangerous new health craze? https://t.co/ITwXnTzt2y,19,@BBCWorld
19,0.0,Mon Jan 08 18:44:08 +0000 2018,1.0,0.0,0.0,Ghana bars recruits over stretch marks and bleached skin https://t.co/KQxK3LPS6y,20,@BBCWorld
20,0.4019,Tue Jan 09 02:27:07 +0000 2018,0.838,0.0,0.162,"At the stroke of midnight, same-sex couples in Australia finally said yes: https://t.co/hT2Xzr5idO

???????????????… https://t.co/CX8dyjIjgS",21,@BBCWorld
21,-0.4215,Tue Jan 09 02:13:25 +0000 2018,0.682,0.318,0.0,The people protesting Trump's immigration deadline https://t.co/q1hNpFdUz3,22,@BBCWorld
22,-0.296,Tue Jan 09 02:13:25 +0000 2018,0.804,0.196,0.0,Calais Jungle: Police try to stop new camp forming https://t.co/ybBfR784Rc,23,@BBCWorld
23,0.0,Tue Jan 09 01:59:26 +0000 2018,1.0,0.0,0.0,"RT @BBCNewsAsia: 2018 Winter Olympics: North and South Korea begin high-level talks, the first between the countries in two years: https://…",24,@BBCWorld
24,0.0,Tue Jan 09 01:13:21 +0000 2018,1.0,0.0,0.0,Romania's changing face https://t.co/CVruZyesAm,25,@BBCWorld
25,0.0,Tue Jan 09 00:51:10 +0000 2018,1.0,0.0,0.0,Living with Brian's 'ghost' https://t.co/jToxbPOFeY,26,@BBCWorld
26,-0.4215,Tue Jan 09 00:25:27 +0000 2018,0.763,0.237,0.0,Caruana Galizia case: Malta ex-corruption investigator fears for life https://t.co/qT9VHvZSaL,27,@BBCWorld
27,-0.4767,Tue Jan 09 00:14:58 +0000 2018,0.744,0.256,0.0,US police chief 'kutecop4you' arrested in child sex sting https://t.co/Sxxvw2A3li,28,@BBCWorld
28,-0.128,Mon Jan 08 23:39:18 +0000 2018,0.62,0.209,0.171,Peru Pasamayo: Lorry driver admits causing deadly coach crash https://t.co/pY9BT8XPVB,29,@BBCWorld
29,0.0,Mon Jan 08 23:07:05 +0000 2018,1.0,0.0,0.0,Apple investigated by France for 'planned obsolescence' https://t.co/FtqlxiyTa5,30,@BBCWorld
30,0.0,Mon Jan 08 23:07:05 +0000 2018,1.0,0.0,0.0,Gay marriage: Couple among first to wed in Australia https://t.co/XnwH7WTkQ4,31,@BBCWorld
31,0.0,Mon Jan 08 22:45:45 +0000 2018,1.0,0.0,0.0,Russia probe: Trump lawyers 'in talks over Mueller interview' https://t.co/Q9DL0jnvis,32,@BBCWorld
32,-0.5574,Mon Jan 08 22:31:10 +0000 2018,0.882,0.118,0.0,"RT @BBCSport: Widnes Vikings' Kato Ottio has died at the age of 23.

He was due to travel to the UK next week in preparation for the start…",33,@BBCWorld
33,0.0,Mon Jan 08 22:21:04 +0000 2018,1.0,0.0,0.0,North and South Korea to begin high-level talks https://t.co/LL7q3bnNvF,34,@BBCWorld
34,0.0,Mon Jan 08 22:07:47 +0000 2018,1.0,0.0,0.0,Google sued over 'male discrimination' https://t.co/eu2lUxcE1p,35,@BBCWorld
35,0.0,Mon Jan 08 21:22:53 +0000 2018,1.0,0.0,0.0,Rugby League player Ottio dies aged 23 https://t.co/SvQfsQC5si,36,@BBCWorld
36,-0.3923,Mon Jan 08 21:20:13 +0000 2018,0.744,0.164,0.092,"RT @BBCNorthAmerica: - Sad!
- Bigly? Or big league?
- Covfefe
10 words and phrases invented or popularised by President Trump

https://t.co…",37,@BBCWorld
37,-0.7717,Mon Jan 08 21:09:40 +0000 2018,0.758,0.242,0.0,"RT @BBCSport: Widnes Vikings centre Kato Ottio has died at the age of 23 after suffering ""a sudden health issue"" in training.
https://t.co/…",38,@BBCWorld
38,-0.5719,Mon Jan 08 19:26:48 +0000 2018,0.515,0.485,0.0,'Raw water': A dangerous new health craze? https://t.co/ITwXnTzt2y,39,@BBCWorld
39,0.0,Mon Jan 08 18:44:08 +0000 2018,1.0,0.0,0.0,Ghana bars recruits over stretch marks and bleached skin https://t.co/KQxK3LPS6y,40,@BBCWorld
40,-0.8176,Mon Jan 08 18:36:15 +0000 2018,0.414,0.586,0.0,Egypt police detained after custody death triggers protests https://t.co/K8OExRAhN4,41,@BBCWorld
41,-0.5574,Mon Jan 08 18:23:20 +0000 2018,0.66,0.34,0.0,Bangladesh court upholds Myanmar Rohingya marriage ban https://t.co/rWzDsp9V94,42,@BBCWorld
42,-0.5423,Mon Jan 08 18:15:21 +0000 2018,0.696,0.304,0.0,Prisoner wakes up in mortuary in Asturias Spain https://t.co/H602fJ10NI,43,@BBCWorld
43,0.0,Mon Jan 08 17:34:37 +0000 2018,1.0,0.0,0.0,"RT @awzurcher: Winfrey vs Trump may not be the 2020 presidential race America needs, but it's the one it deserves. https://t.co/oWjWS8H7g2",44,@BBCWorld
44,-0.3182,Mon Jan 08 17:04:17 +0000 2018,0.723,0.277,0.0,A child interrupts an Al Jazeera interview https://t.co/UNYXC5MbNk,45,@BBCWorld
45,0.0,Mon Jan 08 16:51:06 +0000 2018,1.0,0.0,0.0,Juncker: Don't believe Brexit won't happen https://t.co/p5w6PA4zBw,46,@BBCWorld
46,-0.0516,Mon Jan 08 16:35:02 +0000 2018,0.893,0.107,0.0,"Trump to say 200,000 El Salvadorans must leave the US https://t.co/j3SmbjADP0",47,@BBCWorld
47,-0.6908,Mon Jan 08 16:03:09 +0000 2018,0.561,0.439,0.0,Somaliland passes first law against rape https://t.co/6jfghHIilr,48,@BBCWorld
48,0.0,Mon Jan 08 15:47:31 +0000 2018,1.0,0.0,0.0,Iran bans English from being taught in primary schools https://t.co/fYEaZ7YbUD,49,@BBCWorld
49,0.0,Mon Jan 08 15:00:59 +0000 2018,1.0,0.0,0.0,Firefighters tackle Trump Tower blaze in New York https://t.co/L2zA8IoHgL,50,@BBCWorld
50,0.6486,Mon Jan 08 14:49:50 +0000 2018,0.773,0.0,0.227,Oprah for President? Her passionate speech about race and sexism at the #GoldenGlobes has left some wishing she'd r… https://t.co/8OKcziYIwR,51,@BBCWorld
51,0.0,Mon Jan 08 14:49:24 +0000 2018,1.0,0.0,0.0,Apple investors urge action on 'smartphone addiction' https://t.co/jvhc9P7kMA,52,@BBCWorld
52,0.0,Mon Jan 08 14:32:05 +0000 2018,1.0,0.0,0.0,"RT @BBC_HaveYourSay: Winfrey for the White House? Nearly 30,000 tweets on the pros and cons of her candidacy

https://t.co/Jfsir1izxM",53,@BBCWorld
53,-0.6369,Mon Jan 08 14:28:46 +0000 2018,0.574,0.426,0.0,"Iran protests: Demonstrator, 22, dies in Tehran prison https://t.co/4iiR6odTdq",54,@BBCWorld
54,0.1531,Mon Jan 08 14:26:05 +0000 2018,0.885,0.0,0.115,"RT @bbcstories: ""In that moment, as he tattooed her number on her left arm, she tattooed her number in his heart.""
https://t.co/afrzFA75li",55,@BBCWorld
55,0.5106,Mon Jan 08 14:19:47 +0000 2018,0.732,0.0,0.268,"US Marines rescue their helicopter... with a BIGGER one ?

https://t.co/jgHujdq1Hi https://t.co/Vy5S54OZTC",56,@BBCWorld
56,-0.0516,Mon Jan 08 14:06:02 +0000 2018,0.634,0.19,0.176,Mindy Kaling: US army deletes Twitter like 'mocking Donald Trump' https://t.co/I146jqRRbP,57,@BBCWorld
57,-0.5574,Mon Jan 08 13:24:37 +0000 2018,0.735,0.265,0.0,Deniz Naki: Shots fired at Kurdish footballer's car in Germany https://t.co/mp15dTxEpk,58,@BBCWorld
58,0.0,Mon Jan 08 13:16:44 +0000 2018,1.0,0.0,0.0,Chinese dating apps closed after women revealed to be robots https://t.co/j9yQTHmi2a,59,@BBCWorld
59,0.6369,Mon Jan 08 13:08:45 +0000 2018,0.755,0.0,0.245,"RT @BBC_HaveYourSay: All in one day: Groom combines proposal and wedding ceremony to help ease bride's anxiety??
https://t.co/jRjwrmMcir",60,@BBCWorld
60,0.0,Mon Jan 08 10:59:12 +0000 2018,1.0,0.0,0.0,Ex-Malaysia PM Mahathir to run again for office aged 92 https://t.co/8Faqvv5Fi2,61,@BBCWorld
61,0.5106,Mon Jan 08 10:59:12 +0000 2018,0.708,0.0,0.292,US Marines rescue their helicopter... with a bigger one https://t.co/lrfLo9LqtX,62,@BBCWorld
62,0.0,Mon Jan 08 10:55:41 +0000 2018,1.0,0.0,0.0,Gaza conjoined twins survive separation surgery https://t.co/3znWL742nN,63,@BBCWorld
63,0.0,Mon Jan 08 10:34:27 +0000 2018,1.0,0.0,0.0,Has Lana Del Rey copied Radiohead's Creep? https://t.co/EGmFfi1QI8,64,@BBCWorld
64,0.0,Mon Jan 08 10:34:24 +0000 2018,1.0,0.0,0.0,CES 2018: LG Display shows off large rollable TV screen https://t.co/Symg7Q2mEH,65,@BBCWorld
65,0.3691,Mon Jan 08 10:10:22 +0000 2018,0.602,0.147,0.25,Borussia Dortmund bus bombing suspect 'did not intend to kill' https://t.co/yE3hiXHz6w,66,@BBCWorld
66,0.0,Mon Jan 08 10:08:16 +0000 2018,1.0,0.0,0.0,"""It's not just about our industry, it's about every industry and also every woman around the world.""

Why stars wor… https://t.co/Uu4EVqLAc3",67,@BBCWorld
67,0.0,Mon Jan 08 09:19:30 +0000 2018,0.625,0.188,0.188,Vietnam energy executives stand trial on corruption charges https://t.co/5kIGkOCIgH,68,@BBCWorld
68,-0.4215,Mon Jan 08 08:51:35 +0000 2018,0.714,0.286,0.0,Craig McLachlan: Actor denies sexual misconduct allegations https://t.co/gJUmB5pSJr,69,@BBCWorld
69,-0.1901,Mon Jan 08 08:25:12 +0000 2018,0.926,0.074,0.0,"RT @BBCBenThompson: A new report says we're still spending on booze, cars and stuff for our houses - but we're cutting back on other items.…",70,@BBCWorld
70,0.4215,Mon Jan 08 07:43:42 +0000 2018,0.882,0.0,0.118,"""A new day is on the horizon. When nobody ever has to say 'me too' again."" 

Powerful speeches and statements from… https://t.co/Iwhf2agWQm",71,@BBCWorld
71,0.128,Mon Jan 08 07:40:12 +0000 2018,0.723,0.129,0.149,British actor Gary Oldman won the #GoldenGlobes for his portrayal as Winston Churchill in Darkest Hour. And he than… https://t.co/IN1vgNrm6C,72,@BBCWorld
72,0.0,Mon Jan 08 07:34:39 +0000 2018,1.0,0.0,0.0,Golden Globes: Stars use speeches to call for change https://t.co/hcLedIXluH,73,@BBCWorld
73,-0.1027,Mon Jan 08 07:34:36 +0000 2018,0.896,0.104,0.0,BBC China editor Carrie Gracie has quit her post over equal pay https://t.co/D6LKOcU5pI,74,@BBCWorld
74,0.6901,Mon Jan 08 07:20:06 +0000 2018,0.622,0.098,0.28,Big Little Lies actress Laura Dern won her fourth #GoldenGlobes award on Sunday. She invited the co-founder of… https://t.co/HqnLs0kIXw,75,@BBCWorld
75,0.5719,Mon Jan 08 07:02:06 +0000 2018,0.829,0.0,0.171,".@Oprah is the first black woman to receive the #GoldenGlobes lifetime achievement honour. She said she is ""humbled… https://t.co/N9KYsChUSA",76,@BBCWorld
76,-0.3626,Mon Jan 08 06:45:03 +0000 2018,0.878,0.122,0.0,Here's what Big Little Lies star and executive producer @RWitherspoon had to say about the #GoldenGlobes dominant t… https://t.co/qmivkYJVud,77,@BBCWorld
77,-0.7351,Mon Jan 08 06:40:29 +0000 2018,0.441,0.471,0.088,Golden Globes 2018: Sexual harassment scandal dominates ceremony https://t.co/LVXjngEOMV,78,@BBCWorld
78,0.0,Mon Jan 08 06:10:22 +0000 2018,1.0,0.0,0.0,Golden Globes 2018: Why stars wore black on the red carpet https://t.co/P4LUZTeOFQ,79,@BBCWorld
79,-0.7845,Mon Jan 08 05:55:18 +0000 2018,0.504,0.496,0.0,China oil spill sparks fears of environmental disaster https://t.co/FhvXSbdwo3,80,@BBCWorld
80,-0.6369,Mon Jan 08 05:21:31 +0000 2018,0.656,0.344,0.0,Cardinal Pell: Man who made abuse allegation dies https://t.co/52ndskyYU6,81,@BBCWorld
81,0.34,Mon Jan 08 05:21:31 +0000 2018,0.769,0.0,0.231,Winter Olympics targeted by hackers says security firm https://t.co/PgIiXB2iyJ,82,@BBCWorld
82,0.0,Mon Jan 08 04:34:52 +0000 2018,1.0,0.0,0.0,"RT @BBCNewsAsia: #BTSARMY, this one's for you. ?

What's in store for the princes of K-pop in 2018? https://t.co/a8AJEGnMwS

??????????????…",83,@BBCWorld
83,0.836,Mon Jan 08 04:08:44 +0000 2018,0.622,0.0,0.378,"RT @BBCBreaking: Three Billboards Outside Ebbing, Missouri wins 'Best Motion Picture - Drama'

#GoldenGlobes https://t.co/EYJJHWbjY6 https:…",84,@BBCWorld
84,0.836,Mon Jan 08 04:03:53 +0000 2018,0.695,0.0,0.305,"RT @BBCBreaking: Frances McDormand wins 'Best Actress in a Motion Picture - Drama' for her role in Three Billboards Outside Ebbing, Missour…",85,@BBCWorld
85,0.836,Mon Jan 08 03:53:58 +0000 2018,0.603,0.0,0.397,"RT @BBCBreaking: Gary Oldman wins 'Best Actor in a Motion Picture - Drama' 

#GoldenGlobes https://t.co/068UHmydVC https://t.co/aePg1yXPrl",86,@BBCWorld
86,0.836,Mon Jan 08 03:46:21 +0000 2018,0.559,0.0,0.441,"RT @BBCBreaking: Lady Bird wins 'Best Motion Picture - Comedy/Musical' 

#GoldenGlobes https://t.co/QrKvMydAKS https://t.co/8cBGj7mkcm",87,@BBCWorld
87,0.836,Mon Jan 08 03:38:11 +0000 2018,0.683,0.0,0.317,"RT @BBCBreaking: Saoirse Ronan wins 'Best Actress in a Comedy/Musical Motion Picture' for her role in Lady Bird

#GoldenGlobes https://t.co…",88,@BBCWorld
88,0.7579,Mon Jan 08 03:34:06 +0000 2018,0.711,0.0,0.289,.@Oprah's acceptance speech for the Cecil B. DeMille Award at this year's #GoldenGlobes drew a standing ovation fro… https://t.co/CmO7nDRQpX,89,@BBCWorld
89,-0.6486,Mon Jan 08 03:12:05 +0000 2018,0.339,0.48,0.181,"Heart attack care dangerously unequal for women, study finds https://t.co/om2OzlLrbX",90,@BBCWorld
90,0.7964,Mon Jan 08 02:53:04 +0000 2018,0.488,0.132,0.38,"Laura Dern, winner of Best Supporting Actress for her role in @Big_Little_Lies, address sexual assault survivors in… https://t.co/xzehCnUiTy",91,@BBCWorld
91,0.836,Mon Jan 08 02:50:08 +0000 2018,0.669,0.0,0.331,"RT @BBCBreaking: Ewan McGregor wins 'Best Actor in a Television Miniseries' for his role in Fargo

#GoldenGlobes https://t.co/Ow1hcEIybA ht…",92,@BBCWorld
92,0.836,Mon Jan 08 02:11:16 +0000 2018,0.603,0.0,0.397,"RT @BBCBreaking: James Franco wins 'Best Actor in a Comedy/Musical Motion Picture'

#GoldenGlobes https://t.co/9ws5IWhSCr https://t.co/bwSj…",93,@BBCWorld
93,0.0,Mon Jan 08 01:58:23 +0000 2018,1.0,0.0,0.0,Bitcoin blip https://t.co/EPXfAvFDmP,94,@BBCWorld
94,0.836,Mon Jan 08 01:57:36 +0000 2018,0.639,0.0,0.361,#GoldenGlobes: Actress Elisabeth Moss wins best actress in a drama series for her role in @handmaidsonhulu… https://t.co/hh9HYeX6rh,95,@BBCWorld
95,0.25,Mon Jan 08 01:03:48 +0000 2018,0.6,0.0,0.4,Plays behind bars https://t.co/K2Lx1O5qCs,96,@BBCWorld
96,0.0,Mon Jan 08 01:00:39 +0000 2018,1.0,0.0,0.0,Out of power https://t.co/INCQoUPxgd,97,@BBCWorld
97,0.0,Mon Jan 08 00:56:59 +0000 2018,1.0,0.0,0.0,Tattooist of Auschwitz https://t.co/uycegYsPx8,98,@BBCWorld
98,-0.5255,Mon Jan 08 00:49:20 +0000 2018,0.469,0.531,0.0,"Bigly, covfefe, sad! https://t.co/QJ8MnsPhvM",99,@BBCWorld
99,0.0,Mon Jan 08 00:45:50 +0000 2018,1.0,0.0,0.0,Child bride to wrestling star https://t.co/pJvS8sMkH6,100,@BBCWorld
100,0.0,Tue Jan 09 02:20:01 +0000 2018,1.0,0.0,0.0,Using the Olympics to thaw relations with North Korea has been the goal of South Korean President Moon Jae-In… https://t.co/LoQ4fsTvhc,1,@CBSNews
101,0.0,Tue Jan 09 02:00:02 +0000 2018,1.0,0.0,0.0,"The storm that hit the Northeast last week is long gone, but JFK International Airport in New York still hasn't rec… https://t.co/yH6CYwpT72",2,@CBSNews
102,0.0,Tue Jan 09 01:40:01 +0000 2018,1.0,0.0,0.0,"The Democratic field in 2020 is wide open, which could be enticing for a well-known, well-funded media mogul… https://t.co/slKaLXpbgd",3,@CBSNews
103,-0.3182,Tue Jan 09 01:20:01 +0000 2018,0.837,0.109,0.054,"It's flu season, and the CDC says the number of cases is up sharply, with high activity reported in 26 states… https://t.co/1aL01482Lu",4,@CBSNews
104,0.4404,Tue Jan 09 01:13:11 +0000 2018,0.828,0.0,0.172,"NOW: President Trump takes the field before the national football championship in Atlanta, Georgia.… https://t.co/suEp0fFkzS",5,@CBSNews
105,-0.7906,Tue Jan 09 01:00:32 +0000 2018,0.667,0.333,0.0,"This winter's flu season might get worse because of an imperfect vaccine and unusually cold weather, experts warn.… https://t.co/0GyFo6dvCN",6,@CBSNews
106,0.2732,Tue Jan 09 00:45:01 +0000 2018,0.884,0.0,0.116,Pres. Trump defends mental fitness for office in wake of questions raised in new book https://t.co/IMsBZPFtNQ https://t.co/iSX0nMcqNW,7,@CBSNews
107,0.5777,Tue Jan 09 00:26:07 +0000 2018,0.849,0.0,0.151,The self-driving Lyfts around the Consumer Electronics Show are so good you might not notice the car is doing all t… https://t.co/3BDmlGxOGg,8,@CBSNews
108,0.4215,Tue Jan 09 00:05:36 +0000 2018,0.851,0.0,0.149,"Oprah's powerful Golden Globe speech reverberated across the country -- including in Washington, D.C., where lawmak… https://t.co/0yf4s9OoyR",9,@CBSNews
109,0.0,Tue Jan 09 00:02:02 +0000 2018,1.0,0.0,0.0,"@CBSNews The longest-serving monarch in the world, 91-year-old Queen Elizabeth, reflected on her coronation in a ra… https://t.co/GSz675k0nc",10,@CBSNews
110,-0.3182,Mon Jan 08 23:55:01 +0000 2018,0.843,0.104,0.052,@CBSNews  It is flu season and the number of cases is up sharply. High activity is reported in 26 states. San Diego… https://t.co/nPrt3lw6vD,11,@CBSNews
111,0.0,Mon Jan 08 23:51:00 +0000 2018,1.0,0.0,0.0,"RT @CBSEveningNews: Here are the latest headlines from our CBS Evening Newsfeed and what's coming up next

Stay tuned #CBSEveningNews https…",12,@CBSNews
112,0.0,Mon Jan 08 23:50:36 +0000 2018,1.0,0.0,0.0,@CBSNews Oprah Winfrey got much of the attention at the Golden Globes last night. She was one of a sea of women wit… https://t.co/6dNsaoFEjX,13,@CBSNews
113,0.2732,Mon Jan 08 23:46:47 +0000 2018,0.9,0.0,0.1,"@CBSNews Officials of the two Koreas are holding a rare meeting along the border. It is a surprise move, and while… https://t.co/uY3VaQ52Kp",14,@CBSNews
114,0.0,Mon Jan 08 23:43:38 +0000 2018,1.0,0.0,0.0,"@CBSNews The storm that hit the northeast last week is long gone, but, John F. Kennedy international Airport in NYC… https://t.co/U3uWys28Vy",15,@CBSNews
115,0.0,Mon Jan 08 23:40:01 +0000 2018,1.0,0.0,0.0,@CBSNews The president is defending himself following the publication of a sensational new book. @MajorCBS reportin… https://t.co/drfr5IBRiB,16,@CBSNews
116,0.0,Mon Jan 08 23:37:37 +0000 2018,1.0,0.0,0.0,"After Oprah Winfrey's stirring Golden Globes speech, speculation of a possible presidential run followed. In fact,… https://t.co/MqEKZJRsJQ",17,@CBSNews
117,0.0,Mon Jan 08 23:30:01 +0000 2018,0.792,0.104,0.104,Storms brought rare rain to California on Monday and increased the risk of mudslides in fire-ravaged communities… https://t.co/ZP4FnJJhJv,18,@CBSNews
118,0.0,Mon Jan 08 23:10:01 +0000 2018,1.0,0.0,0.0,Woman dies after contracting flesh-eating bacteria from oysters https://t.co/5J0UbXn06r https://t.co/71iXwzVTJO,19,@CBSNews
119,0.2732,Mon Jan 08 22:55:24 +0000 2018,0.905,0.0,0.095,"Tunnels, towers, fountains and frozen thrones -- 25 million pounds of ice were used to create these massive ice cas… https://t.co/tKC1ns9guy",20,@CBSNews
120,0.0,Tue Jan 09 02:20:01 +0000 2018,1.0,0.0,0.0,Using the Olympics to thaw relations with North Korea has been the goal of South Korean President Moon Jae-In… https://t.co/LoQ4fsTvhc,21,@CBSNews
121,0.0,Tue Jan 09 02:00:02 +0000 2018,1.0,0.0,0.0,"The storm that hit the Northeast last week is long gone, but JFK International Airport in New York still hasn't rec… https://t.co/yH6CYwpT72",22,@CBSNews
122,0.0,Tue Jan 09 01:40:01 +0000 2018,1.0,0.0,0.0,"The Democratic field in 2020 is wide open, which could be enticing for a well-known, well-funded media mogul… https://t.co/slKaLXpbgd",23,@CBSNews
123,-0.3182,Tue Jan 09 01:20:01 +0000 2018,0.837,0.109,0.054,"It's flu season, and the CDC says the number of cases is up sharply, with high activity reported in 26 states… https://t.co/1aL01482Lu",24,@CBSNews
124,0.4404,Tue Jan 09 01:13:11 +0000 2018,0.828,0.0,0.172,"NOW: President Trump takes the field before the national football championship in Atlanta, Georgia.… https://t.co/suEp0fFkzS",25,@CBSNews
125,-0.7906,Tue Jan 09 01:00:32 +0000 2018,0.667,0.333,0.0,"This winter's flu season might get worse because of an imperfect vaccine and unusually cold weather, experts warn.… https://t.co/0GyFo6dvCN",26,@CBSNews
126,0.2732,Tue Jan 09 00:45:01 +0000 2018,0.884,0.0,0.116,Pres. Trump defends mental fitness for office in wake of questions raised in new book https://t.co/IMsBZPFtNQ https://t.co/iSX0nMcqNW,27,@CBSNews
127,0.5777,Tue Jan 09 00:26:07 +0000 2018,0.849,0.0,0.151,The self-driving Lyfts around the Consumer Electronics Show are so good you might not notice the car is doing all t… https://t.co/3BDmlGxOGg,28,@CBSNews
128,0.4215,Tue Jan 09 00:05:36 +0000 2018,0.851,0.0,0.149,"Oprah's powerful Golden Globe speech reverberated across the country -- including in Washington, D.C., where lawmak… https://t.co/0yf4s9OoyR",29,@CBSNews
129,0.0,Tue Jan 09 00:02:02 +0000 2018,1.0,0.0,0.0,"@CBSNews The longest-serving monarch in the world, 91-year-old Queen Elizabeth, reflected on her coronation in a ra… https://t.co/GSz675k0nc",30,@CBSNews
130,-0.3182,Mon Jan 08 23:55:01 +0000 2018,0.843,0.104,0.052,@CBSNews  It is flu season and the number of cases is up sharply. High activity is reported in 26 states. San Diego… https://t.co/nPrt3lw6vD,31,@CBSNews
131,0.0,Mon Jan 08 23:51:00 +0000 2018,1.0,0.0,0.0,"RT @CBSEveningNews: Here are the latest headlines from our CBS Evening Newsfeed and what's coming up next

Stay tuned #CBSEveningNews https…",32,@CBSNews
132,0.0,Mon Jan 08 23:50:36 +0000 2018,1.0,0.0,0.0,@CBSNews Oprah Winfrey got much of the attention at the Golden Globes last night. She was one of a sea of women wit… https://t.co/6dNsaoFEjX,33,@CBSNews
133,0.2732,Mon Jan 08 23:46:47 +0000 2018,0.9,0.0,0.1,"@CBSNews Officials of the two Koreas are holding a rare meeting along the border. It is a surprise move, and while… https://t.co/uY3VaQ52Kp",34,@CBSNews
134,0.0,Mon Jan 08 23:43:38 +0000 2018,1.0,0.0,0.0,"@CBSNews The storm that hit the northeast last week is long gone, but, John F. Kennedy international Airport in NYC… https://t.co/U3uWys28Vy",35,@CBSNews
135,0.0,Mon Jan 08 23:40:01 +0000 2018,1.0,0.0,0.0,@CBSNews The president is defending himself following the publication of a sensational new book. @MajorCBS reportin… https://t.co/drfr5IBRiB,36,@CBSNews
136,0.0,Mon Jan 08 23:37:37 +0000 2018,1.0,0.0,0.0,"After Oprah Winfrey's stirring Golden Globes speech, speculation of a possible presidential run followed. In fact,… https://t.co/MqEKZJRsJQ",37,@CBSNews
137,0.0,Mon Jan 08 23:30:01 +0000 2018,0.792,0.104,0.104,Storms brought rare rain to California on Monday and increased the risk of mudslides in fire-ravaged communities… https://t.co/ZP4FnJJhJv,38,@CBSNews
138,0.0,Mon Jan 08 23:10:01 +0000 2018,1.0,0.0,0.0,Woman dies after contracting flesh-eating bacteria from oysters https://t.co/5J0UbXn06r https://t.co/71iXwzVTJO,39,@CBSNews
139,0.2732,Mon Jan 08 22:55:24 +0000 2018,0.905,0.0,0.095,"Tunnels, towers, fountains and frozen thrones -- 25 million pounds of ice were used to create these massive ice cas… https://t.co/tKC1ns9guy",40,@CBSNews
140,-0.296,Mon Jan 08 22:40:51 +0000 2018,0.905,0.095,0.0,Stop looking at your phone. This machine gives your short stories to read while you wait in line ?  (via @CNET at… https://t.co/lYaIFYzT2s,41,@CBSNews
141,0.4019,Mon Jan 08 22:25:43 +0000 2018,0.863,0.0,0.137,This glove could help people with spinal injuries grasp objects and open doors. (via @CNET at #CES2018) https://t.co/q59D1Wz80J,42,@CBSNews
142,0.1779,Mon Jan 08 22:16:32 +0000 2018,0.776,0.096,0.128,"""It’s true about the lawsuit,"" Lana Del Rey says, adding that Radiohead is suing her for copyright infringement… https://t.co/AVKDX3LwDd",43,@CBSNews
143,-0.2177,Mon Jan 08 22:10:07 +0000 2018,0.674,0.16,0.166,"""What occurred this weekend is completely &amp; totally unacceptable. The Port Authority is totally committed to invest… https://t.co/fcRAYPv17R",44,@CBSNews
144,-0.2732,Mon Jan 08 22:03:28 +0000 2018,0.802,0.128,0.07,WATCH LIVE: Port Authority official addresses JFK Airport water leak that flooded terminal and prompted evacuation… https://t.co/PMUNtiOu6S,45,@CBSNews
145,0.34,Mon Jan 08 21:47:35 +0000 2018,0.775,0.085,0.14,Supreme Court appears to be looking for way to side with Florida in complaint that Georgia uses too much water and… https://t.co/lPoES3HvQQ,46,@CBSNews
146,-0.5256,Mon Jan 08 21:27:32 +0000 2018,0.848,0.152,0.0,"Pres. Trump: ""From now on, most family farms and small business owners...will be spared the deeply unfair estate ta… https://t.co/tPZ8eFI4fB",47,@CBSNews
147,0.0,Mon Jan 08 21:13:31 +0000 2018,1.0,0.0,0.0,"WATCH LIVE: Pres. Trump takes stage at conference of farmers in Nashville, Tennessee https://t.co/wEcBi9Yer5 https://t.co/Vj5fkf9krX",48,@CBSNews
148,0.3612,Mon Jan 08 21:06:30 +0000 2018,0.872,0.0,0.128,SOON: President Trump addresses farmers convention in Nashville. He's expected to push for agenda promoting rural p… https://t.co/cCxvTZEZcW,49,@CBSNews
149,-0.6597,Mon Jan 08 20:45:01 +0000 2018,0.804,0.196,0.0,"""This is the reason we became police officers."" Boy with terminal cancer named Dallas police chief for a day… https://t.co/PaidwdmvAO",50,@CBSNews
150,0.0,Mon Jan 08 20:29:55 +0000 2018,1.0,0.0,0.0,"Princess Charlotte, the fourth in line for the British throne, begins her first day of nursery school… https://t.co/7VtjGKWBoM",51,@CBSNews
151,-0.6597,Mon Jan 08 20:12:42 +0000 2018,0.784,0.216,0.0,"NEW: Former GOP presidential nominee Mitt Romney was diagnosed with ""slow-growing prostate cancer"" last year, a Rom… https://t.co/wB8Hj6mz2U",52,@CBSNews
152,0.0,Mon Jan 08 20:05:24 +0000 2018,1.0,0.0,0.0,A rare snow dusting in the Sahara Desert was spotted over the weekend -- an unusual sight for an area known for its… https://t.co/BBlgHVZdqE,53,@CBSNews
153,0.0,Mon Jan 08 19:50:03 +0000 2018,1.0,0.0,0.0,"In new documentary, Queen Elizabeth II regales viewers with memories of the day she was crowned 65 years ago… https://t.co/iEG0J4OY1v",54,@CBSNews
154,-0.0258,Mon Jan 08 19:35:44 +0000 2018,0.739,0.132,0.128,Firefighters in China rushed to rescue a woman clinging to a tree in the middle of a raging river after she tried t… https://t.co/uNX7exEnml,55,@CBSNews
155,0.0,Mon Jan 08 19:20:33 +0000 2018,1.0,0.0,0.0,"""There's icicles in the classrooms...it's inhuman for these children."" Baltimore students were seen wearing jackets… https://t.co/9V7bGwAzAm",56,@CBSNews
156,0.8402,Mon Jan 08 19:05:26 +0000 2018,0.714,0.0,0.286,"Aziz Ansari made history at the Golden Globes, being the first Asian-American to win for Best Actor In TV Show, Com… https://t.co/TbSJ7etGDH",57,@CBSNews
157,0.0,Mon Jan 08 18:50:01 +0000 2018,1.0,0.0,0.0,"In 1999 interview with Larry King, Pres. Trump said Oprah would be his ""first choice"" for VP https://t.co/mOEmcVZPdc https://t.co/2rsLZhmzVu",58,@CBSNews
158,0.5563,Mon Jan 08 18:30:01 +0000 2018,0.834,0.0,0.166,"""There was a very strong push on looking forward, looking to the future, doing better,"" New York Times reporter… https://t.co/nfDQCysv8i",59,@CBSNews
159,0.0,Mon Jan 08 18:15:01 +0000 2018,1.0,0.0,0.0,Kensington Palace releases two images of Princess Charlotte as she begins her first day at nursery school… https://t.co/o5au6qUCUQ,60,@CBSNews
160,-0.7269,Mon Jan 08 18:00:02 +0000 2018,0.736,0.264,0.0,"""Fire and Fury"" publisher says any effort by Pres. Trump to suppress the book would be ""flagrantly unconstitutional… https://t.co/obIM8oFNee",61,@CBSNews
161,0.0,Mon Jan 08 17:45:01 +0000 2018,1.0,0.0,0.0,"With just a few days left in office as NJ governor, Chris Christie says if not for Trump, he'd be president… https://t.co/jqc7PPDe4G",62,@CBSNews
162,-0.5106,Mon Jan 08 17:30:35 +0000 2018,0.788,0.212,0.0,"After CNN's Jake Tapper cut short a contentious interview with White House aide Stephen Miller, a source says Mille… https://t.co/xfQljfoZ1O",63,@CBSNews
163,0.4939,Mon Jan 08 17:07:41 +0000 2018,0.849,0.0,0.151,"President Trump once praised Oprah as a viable presidential running-mate nearly 20 years ago on CNN's ""Larry King L… https://t.co/rJyHRTu5CV",64,@CBSNews
164,-0.3182,Mon Jan 08 16:40:35 +0000 2018,0.887,0.113,0.0,"""We all must boycott H&amp;M till they apologize,"" social media users said, slamming clothing brand H&amp;M over a ""racist""… https://t.co/P2QIsjrl1Q",65,@CBSNews
165,0.4588,Mon Jan 08 16:20:38 +0000 2018,0.833,0.0,0.167,"Steve Bannon said there is a ""33 and a third percent chance [Trump] would limp to the finish line but a 0% chance h… https://t.co/mlwCjiasXQ",66,@CBSNews
166,-0.5106,Mon Jan 08 16:00:43 +0000 2018,0.732,0.268,0.0,"H&amp;M monkey hoodie sparks outrage for ""racist"" image https://t.co/3HULZ5CKAB https://t.co/k3pQTyrAt8",67,@CBSNews
167,-0.872,Mon Jan 08 16:00:03 +0000 2018,0.476,0.524,0.0,California man arrested on suspicion of fatally stabbing his housemate https://t.co/8dkPy5xOzY https://t.co/yEQ0sxaJPd,68,@CBSNews
168,0.6369,Mon Jan 08 15:45:01 +0000 2018,0.811,0.0,0.189,"Uber's self-driving flee will be powered by Nvidia chips, best known for its computer-graphics chips, who are also… https://t.co/7ZpZvDKnps",69,@CBSNews
169,0.4019,Mon Jan 08 15:31:01 +0000 2018,0.863,0.0,0.137,"The Trump administration is ending special protections for emigrants from El Salvador, forcing nearly 200,000 to le… https://t.co/hZWh6QPxBQ",70,@CBSNews
170,0.3612,Mon Jan 08 15:15:01 +0000 2018,0.719,0.096,0.186,Miss The 2018 Golden Globes? Here's a full list of all the winners: https://t.co/N7kx6zcPpT https://t.co/ILSZZdOiHA,71,@CBSNews
171,0.0,Mon Jan 08 15:11:15 +0000 2018,1.0,0.0,0.0,"""She would absolutely do it,"" Oprah's longtime partner Stedman Graham said of her potential presidential run. This… https://t.co/9XD5HAa22N",72,@CBSNews
172,0.0,Mon Jan 08 14:56:34 +0000 2018,1.0,0.0,0.0,“I think there had been a lot of talk and buzz about Oprah. On our own @CBSThisMorning she was asked about it...She… https://t.co/PCyiknqgub,73,@CBSNews
173,0.6369,Mon Jan 08 14:52:20 +0000 2018,0.802,0.0,0.198,"CBSN's panel discusses Natalie Portman's subtle comment when announcing the ""make"" nominees for best director. ""I t… https://t.co/eGQycGJL7b",74,@CBSNews
174,0.0,Mon Jan 08 14:48:30 +0000 2018,1.0,0.0,0.0,"“The way she handled it, the way she was able to encapsulated so many different issues, without saying Harvey Weins… https://t.co/hDeSg3Fdvz",75,@CBSNews
175,-0.296,Mon Jan 08 14:45:56 +0000 2018,0.909,0.091,0.0,"""There were no questions about 'who made your dress?' And so I think we have to see what happens at the Oscars and… https://t.co/SIQq8qOEJW",76,@CBSNews
176,0.296,Mon Jan 08 14:44:01 +0000 2018,0.909,0.0,0.091,"HAPPENING NOW: CBSN holds a panel on the Gold Globes and the women who stood in solidarity with the ""Me Too"" and ""T… https://t.co/ufpQsgLbNo",77,@CBSNews
177,0.0,Mon Jan 08 14:35:01 +0000 2018,1.0,0.0,0.0,Queen Elizabeth speaks in rare interview for new documentary about her coronation 65 years ago… https://t.co/xYhKaD6nND,78,@CBSNews
178,0.0,Mon Jan 08 14:20:01 +0000 2018,1.0,0.0,0.0,"President Trump plans to make the cross-country trip to visit border wall prototypes in San Diego, after he deliver… https://t.co/0Zgsw9wY2a",79,@CBSNews
179,-0.296,Mon Jan 08 14:05:01 +0000 2018,0.909,0.091,0.0,"""I think [@POTUS] probably had no idea he was speaking to me for this book. When I would meet the president in the… https://t.co/kRFiS157w2",80,@CBSNews
180,-0.0608,Mon Jan 08 13:50:48 +0000 2018,0.839,0.085,0.076,"How food tastes is not just determined by the ingredients used to make it. At a research kitchen in London, a top c… https://t.co/yz19KdZiR1",81,@CBSNews
181,0.5423,Mon Jan 08 13:36:47 +0000 2018,0.791,0.0,0.209,"On Sunday, actresses brought prominent activists as their Golden Globes guests to stand in solidarity with the “Tim… https://t.co/aAOzibyzLe",82,@CBSNews
182,0.0,Mon Jan 08 13:34:42 +0000 2018,1.0,0.0,0.0,Here’s a look at some of this morning’s other headlines on @CBSThisMorning: https://t.co/xSr1XqDuGC,83,@CBSNews
183,0.0,Mon Jan 08 13:21:03 +0000 2018,1.0,0.0,0.0,Queen Elizabeth II is revealing secrets about the day she was crowned nearly 65 years ago. The queen was interviewe… https://t.co/JR1wbjD7I6,84,@CBSNews
184,0.128,Mon Jan 08 13:15:35 +0000 2018,0.889,0.0,0.111,Trump legal team has discussed possible presidential interview with Mueller's team https://t.co/JZJcxCmRyD https://t.co/3cXyrfrXOA,85,@CBSNews
185,0.4588,Mon Jan 08 13:15:24 +0000 2018,0.857,0.0,0.143,"New study reveals a longer life might be an unexpected benefit of cataract surgery, the most frequently performed o… https://t.co/RQzryKZwLN",86,@CBSNews
186,-0.296,Mon Jan 08 13:10:01 +0000 2018,0.901,0.099,0.0,Police are searching for a sports reporter who has gone missing in the Houston area after they found her Jeep just… https://t.co/DO7aA2Xmu8,87,@CBSNews
187,0.4215,Mon Jan 08 13:09:50 +0000 2018,0.865,0.0,0.135,Oprah’s powerful Golden Globes speech fueled speculation that she will run for president in 2020. Her long-time par… https://t.co/CKku82qAVD,88,@CBSNews
188,0.4588,Mon Jan 08 13:05:44 +0000 2018,0.857,0.0,0.143,The Golden Globes put female empowerment at the center of the awards season on Sunday night. @etnow’s @KevinFrazier… https://t.co/dM6fQgCbmk,89,@CBSNews
189,0.0,Mon Jan 08 12:53:39 +0000 2018,1.0,0.0,0.0,Here’s a look at some of this morning’s other headlines on @CBSThisMorning: https://t.co/N2zVifBK8j,90,@CBSNews
190,-0.34,Mon Jan 08 12:51:01 +0000 2018,0.897,0.103,0.0,"Aerial views show fire at Trump Tower in New York City, and people posted video and images to social media, showing… https://t.co/xjF50djZae",91,@CBSNews
191,0.128,Mon Jan 08 12:46:09 +0000 2018,0.795,0.092,0.113,Apple is facing new pressure to help curb what is being called children and teen’S addiction to it’s smartphones. T… https://t.co/OWZmjaq2fe,92,@CBSNews
192,-0.34,Mon Jan 08 12:41:36 +0000 2018,0.897,0.103,0.0,"There appears to be a fire at Trump Tower in New York City, where Pres. Trump keeps a residence. The president is c… https://t.co/IBt4ILZGrT",93,@CBSNews
193,0.0,Mon Jan 08 12:37:05 +0000 2018,1.0,0.0,0.0,People living near some Air Force bases are expressing concerns after the EPA detected toxic chemicals that may hav… https://t.co/1kDAHeuZEK,94,@CBSNews
194,0.0,Mon Jan 08 12:36:18 +0000 2018,1.0,0.0,0.0,"Here are three things you should know this morning:
1?? Mueller to interview president?
2?? Airbag recall expands… https://t.co/qLulbWQe5I",95,@CBSNews
195,-0.3943,Mon Jan 08 12:35:06 +0000 2018,0.831,0.169,0.0,"MORE: It is unclear what started the fire and where it is coming from, but firefighters are there. @CBSThisMorning… https://t.co/W7mxxkWqAf",96,@CBSNews
196,-0.34,Mon Jan 08 12:33:31 +0000 2018,0.862,0.138,0.0,DEVELOPING: Fire at New York City's Trump Tower; aerial views show firefighters on the roof https://t.co/LBqYMCa1kG,97,@CBSNews
197,0.0,Mon Jan 08 12:21:45 +0000 2018,1.0,0.0,0.0,A water main burst flooded most of terminal four at JFK International Airport Sunday. Between that and the winter w… https://t.co/4P2U2luzy0,98,@CBSNews
198,0.0,Mon Jan 08 12:21:38 +0000 2018,1.0,0.0,0.0,".@NorahODonnell: It does read that your main source is Steve Bannon, is that correct?
@MichaelWolffNYC: That would… https://t.co/DbxEBicS96",99,@CBSNews
199,-0.2263,Mon Jan 08 12:21:01 +0000 2018,0.899,0.101,0.0,Natalie Portman calls out Hollywood Foreign Press Association for snubbing female directors at this year's Golden G… https://t.co/zga0bwH1Zf,100,@CBSNews
200,0.7003,Tue Jan 09 02:35:03 +0000 2018,0.766,0.0,0.234,"Delegates from North Korea and South Korea greeted each other with a ""Happy New Year"" as they arrived at the Peace… https://t.co/6rYxzhGkzN",1,@CNN
201,0.0,Tue Jan 09 02:31:06 +0000 2018,1.0,0.0,0.0,Billionaire Democratic megadonor Tom Steyer says he is not running for office in 2018 but will spend $30 million on… https://t.co/47kkDmG2xK,2,@CNN
202,0.4404,Tue Jan 09 02:26:29 +0000 2018,0.868,0.0,0.132,Fans waiting in the rain for the college football playoff championship game in Atlanta had a mixed reaction to Pres… https://t.co/20nw3IDvxr,3,@CNN
203,0.0,Tue Jan 09 02:21:06 +0000 2018,1.0,0.0,0.0,President Donald Trump has tasked chief of staff John Kelly with shepherding his immigration proposals through Cong… https://t.co/XZjr81vYdH,4,@CNN
204,0.2235,Tue Jan 09 02:11:07 +0000 2018,0.9,0.0,0.1,The White House re-nominates KT McFarland for an administrative post despite warnings from Democrats they are unlik… https://t.co/VP6E0NKcQg,5,@CNN
205,0.3612,Tue Jan 09 02:05:19 +0000 2018,0.865,0.0,0.135,"H&amp;M apologizes for using a black child to model a sweatshirt with a ""coolest monkey in the jungle"" slogan… https://t.co/AdWpHyCdMX",6,@CNN
206,0.2023,Tue Jan 09 02:01:06 +0000 2018,0.899,0.0,0.101,Pope Francis once again tells breastfeeding moms it's fine to feed hungry babies in church https://t.co/Fcg6WgY1nZ https://t.co/EPlm7dqr6H,7,@CNN
207,0.296,Tue Jan 09 01:51:06 +0000 2018,0.885,0.0,0.115,President Trump signed a measure creating a new national historic park for Martin Luther King Jr. during a trip to… https://t.co/pb2SeMsNTL,8,@CNN
208,0.4939,Tue Jan 09 01:43:04 +0000 2018,0.814,0.0,0.186,An adorable little boy and his toy car crashed this Al Jazeera interview https://t.co/KR9NMahw3g https://t.co/eOQH9BqMn6,9,@CNN
209,0.296,Tue Jan 09 01:36:29 +0000 2018,0.896,0.0,0.104,"""I'm going to tell you a quick story"": Asked what he thinks of the prospect of Oprah Winfrey making a presidential… https://t.co/1YyNLqZ5zW",10,@CNN
210,0.34,Tue Jan 09 01:31:55 +0000 2018,0.893,0.0,0.107,"RT @OutFrontCNN: As it was reported that President Donald Trump spends three hours every morning engaging in ""executive time,"" the internet…",11,@CNN
211,0.0,Tue Jan 09 01:31:05 +0000 2018,1.0,0.0,0.0,Who is Kim Jong Un? Separating myth from fact https://t.co/YLfj9DqP4A https://t.co/QniGwENk8W,12,@CNN
212,0.4019,Tue Jan 09 01:30:05 +0000 2018,0.886,0.0,0.114,RT @AC360: Lawyers for President Trump are anticipating a request for him to talk to special counsel Robert Mueller and are discussing how…,13,@CNN
213,0.4404,Tue Jan 09 01:27:10 +0000 2018,0.818,0.0,0.182,Everything you need to know about the College Football Playoff National Championship https://t.co/VSuaI8RhUz https://t.co/NSbp3Xsllt,14,@CNN
214,0.0,Tue Jan 09 01:21:31 +0000 2018,1.0,0.0,0.0,"In a 1999 interview with Larry King, Donald Trump said that his first choice for a running mate would be Oprah Winf… https://t.co/SKcvqZNmkD",15,@CNN
215,0.0,Tue Jan 09 01:13:55 +0000 2018,1.0,0.0,0.0,Removing a President using the 25th amendment would require a political apocalypse | Analysis by @zbyronwolf … https://t.co/yShbc1wTbN,16,@CNN
216,0.0,Tue Jan 09 01:02:13 +0000 2018,1.0,0.0,0.0,"Democratic Sen. Kirsten Gillibrand, who has been mentioned as a formidable 2020 presidential candidate, said Oprah… https://t.co/F0mf8kshh5",17,@CNN
217,-0.6249,Tue Jan 09 00:57:24 +0000 2018,0.769,0.231,0.0,"Russia is hindering the fight against ISIS in Syria, an official from the US-led coalition fighting ISIS says… https://t.co/0WKwcifyXp",18,@CNN
218,-0.7269,Tue Jan 09 00:50:41 +0000 2018,0.783,0.217,0.0,"Dr. Allen Frances on Donald Trump: ""It's an insult to the mentally ill to say that the reason he shouldn't be in of… https://t.co/Oll3AtFSpM",19,@CNN
219,0.0,Tue Jan 09 00:49:17 +0000 2018,1.0,0.0,0.0,"As North Korean representatives prepare to meet their South Korean counterparts for the first time since 2015,… https://t.co/U1swTmjIAk",20,@CNN
220,0.7003,Tue Jan 09 02:35:03 +0000 2018,0.766,0.0,0.234,"Delegates from North Korea and South Korea greeted each other with a ""Happy New Year"" as they arrived at the Peace… https://t.co/6rYxzhGkzN",21,@CNN
221,0.0,Tue Jan 09 02:31:06 +0000 2018,1.0,0.0,0.0,Billionaire Democratic megadonor Tom Steyer says he is not running for office in 2018 but will spend $30 million on… https://t.co/47kkDmG2xK,22,@CNN
222,0.4404,Tue Jan 09 02:26:29 +0000 2018,0.868,0.0,0.132,Fans waiting in the rain for the college football playoff championship game in Atlanta had a mixed reaction to Pres… https://t.co/20nw3IDvxr,23,@CNN
223,0.0,Tue Jan 09 02:21:06 +0000 2018,1.0,0.0,0.0,President Donald Trump has tasked chief of staff John Kelly with shepherding his immigration proposals through Cong… https://t.co/XZjr81vYdH,24,@CNN
224,0.2235,Tue Jan 09 02:11:07 +0000 2018,0.9,0.0,0.1,The White House re-nominates KT McFarland for an administrative post despite warnings from Democrats they are unlik… https://t.co/VP6E0NKcQg,25,@CNN
225,0.3612,Tue Jan 09 02:05:19 +0000 2018,0.865,0.0,0.135,"H&amp;M apologizes for using a black child to model a sweatshirt with a ""coolest monkey in the jungle"" slogan… https://t.co/AdWpHyCdMX",26,@CNN
226,0.2023,Tue Jan 09 02:01:06 +0000 2018,0.899,0.0,0.101,Pope Francis once again tells breastfeeding moms it's fine to feed hungry babies in church https://t.co/Fcg6WgY1nZ https://t.co/EPlm7dqr6H,27,@CNN
227,0.296,Tue Jan 09 01:51:06 +0000 2018,0.885,0.0,0.115,President Trump signed a measure creating a new national historic park for Martin Luther King Jr. during a trip to… https://t.co/pb2SeMsNTL,28,@CNN
228,0.4939,Tue Jan 09 01:43:04 +0000 2018,0.814,0.0,0.186,An adorable little boy and his toy car crashed this Al Jazeera interview https://t.co/KR9NMahw3g https://t.co/eOQH9BqMn6,29,@CNN
229,0.296,Tue Jan 09 01:36:29 +0000 2018,0.896,0.0,0.104,"""I'm going to tell you a quick story"": Asked what he thinks of the prospect of Oprah Winfrey making a presidential… https://t.co/1YyNLqZ5zW",30,@CNN
230,0.34,Tue Jan 09 01:31:55 +0000 2018,0.893,0.0,0.107,"RT @OutFrontCNN: As it was reported that President Donald Trump spends three hours every morning engaging in ""executive time,"" the internet…",31,@CNN
231,0.0,Tue Jan 09 01:31:05 +0000 2018,1.0,0.0,0.0,Who is Kim Jong Un? Separating myth from fact https://t.co/YLfj9DqP4A https://t.co/QniGwENk8W,32,@CNN
232,0.4019,Tue Jan 09 01:30:05 +0000 2018,0.886,0.0,0.114,RT @AC360: Lawyers for President Trump are anticipating a request for him to talk to special counsel Robert Mueller and are discussing how…,33,@CNN
233,0.4404,Tue Jan 09 01:27:10 +0000 2018,0.818,0.0,0.182,Everything you need to know about the College Football Playoff National Championship https://t.co/VSuaI8RhUz https://t.co/NSbp3Xsllt,34,@CNN
234,0.0,Tue Jan 09 01:21:31 +0000 2018,1.0,0.0,0.0,"In a 1999 interview with Larry King, Donald Trump said that his first choice for a running mate would be Oprah Winf… https://t.co/SKcvqZNmkD",35,@CNN
235,0.0,Tue Jan 09 01:13:55 +0000 2018,1.0,0.0,0.0,Removing a President using the 25th amendment would require a political apocalypse | Analysis by @zbyronwolf … https://t.co/yShbc1wTbN,36,@CNN
236,0.0,Tue Jan 09 01:02:13 +0000 2018,1.0,0.0,0.0,"Democratic Sen. Kirsten Gillibrand, who has been mentioned as a formidable 2020 presidential candidate, said Oprah… https://t.co/F0mf8kshh5",37,@CNN
237,-0.6249,Tue Jan 09 00:57:24 +0000 2018,0.769,0.231,0.0,"Russia is hindering the fight against ISIS in Syria, an official from the US-led coalition fighting ISIS says… https://t.co/0WKwcifyXp",38,@CNN
238,-0.7269,Tue Jan 09 00:50:41 +0000 2018,0.783,0.217,0.0,"Dr. Allen Frances on Donald Trump: ""It's an insult to the mentally ill to say that the reason he shouldn't be in of… https://t.co/Oll3AtFSpM",39,@CNN
239,0.0,Tue Jan 09 00:49:17 +0000 2018,1.0,0.0,0.0,"As North Korean representatives prepare to meet their South Korean counterparts for the first time since 2015,… https://t.co/U1swTmjIAk",40,@CNN
240,-0.4404,Tue Jan 09 00:47:31 +0000 2018,0.861,0.139,0.0,"Dr. John Gartner: ""I think it's a scandal that Donald Trump is not going to receive a neuropsychological exam durin… https://t.co/pxCbiAGjL5",41,@CNN
241,-0.3612,Tue Jan 09 00:33:53 +0000 2018,0.848,0.152,0.0,Republican senators who once criticized Trump have learned how to work with him https://t.co/90bYC9g5YW https://t.co/GOPyYE5JIj,42,@CNN
242,0.0,Tue Jan 09 00:16:06 +0000 2018,1.0,0.0,0.0,"Self-driving cars are cruising the Las Vegas streets this week for #CES2018, and anyone can catch a ride… https://t.co/XW4JGUD6jX",43,@CNN
243,0.0,Tue Jan 09 00:12:39 +0000 2018,1.0,0.0,0.0,House Minority Leader Nancy Pelosi gave mixed reviews about whether Oprah is the right candidate for Democrats to p… https://t.co/7StEV39KX5,44,@CNN
244,0.128,Mon Jan 08 23:56:17 +0000 2018,0.87,0.0,0.13,Exclusive: A pair of lawmakers have unveiled a bipartisan DACA plan https://t.co/qIyLLw6kRM https://t.co/y0eiPfELQl,45,@CNN
245,-0.357,Mon Jan 08 23:47:45 +0000 2018,0.879,0.121,0.0,"""They're liars."" Author of bombshell book about President Trump says White House staff isn't being truthful about t… https://t.co/Zppr1JFltm",46,@CNN
246,0.0,Mon Jan 08 23:41:03 +0000 2018,1.0,0.0,0.0,"In the US, the rate of children injuring their eyes with air guns skyrocketed between 1990 and 2012… https://t.co/L8kf5i4XhI",47,@CNN
247,0.0,Mon Jan 08 23:36:05 +0000 2018,1.0,0.0,0.0,Dennis Kucinich is running for Ohio governor https://t.co/E5UC46PpfJ https://t.co/7aoduYggKS,48,@CNN
248,0.4767,Mon Jan 08 23:31:08 +0000 2018,0.687,0.0,0.313,Comedian Stephen Colbert extends Trump satire into animated realm https://t.co/aLHOb2nIsg https://t.co/OuuCeAZgNp,49,@CNN
249,0.7717,Mon Jan 08 23:26:07 +0000 2018,0.676,0.0,0.324,Stars transformed the red carpet. Shows featuring women won awards. Then Oprah stole the show.… https://t.co/LztubFPRYP,50,@CNN
250,0.0,Mon Jan 08 23:21:05 +0000 2018,1.0,0.0,0.0,"Engineers sue Google, alleging that it discriminates against conservatives, white people and men… https://t.co/mbEteccHTf",51,@CNN
251,-0.0258,Mon Jan 08 23:16:09 +0000 2018,0.948,0.052,0.0,President Trump touts the tax law and rural broadband initiative in his speech at the American Farm Bureau in Nashv… https://t.co/pqdIQwejzU,52,@CNN
252,-0.3818,Mon Jan 08 23:11:07 +0000 2018,0.612,0.26,0.128,Federal regulators have rejected a controversial Trump administration proposal to subsidize power plants like coal… https://t.co/UJVphl6sjW,53,@CNN
253,0.0,Mon Jan 08 23:06:04 +0000 2018,1.0,0.0,0.0,"California Republican Rep. Ed Royce, the chairman of the House Foreign Affairs Committee, will not seek re-election… https://t.co/Ks0o05xBgZ",54,@CNN
254,0.2263,Mon Jan 08 23:01:03 +0000 2018,0.759,0.101,0.139,"Fact-checking Michael Wolff: @CNNOpinion asked experts on free press and the presidency to weigh in on ""Fire and Fu… https://t.co/pRjNINHt1J",55,@CNN
255,-0.5719,Mon Jan 08 22:56:02 +0000 2018,0.778,0.222,0.0,Rex Tillerson stands his ground in the face of Trump administration chaos https://t.co/qzeifFO9v0 https://t.co/hGucqUDtfo,56,@CNN
256,0.3612,Mon Jan 08 22:47:11 +0000 2018,0.848,0.0,0.152,An Oprah campaign might (literally) look like this | Analysis by CNN's Brenna Williams https://t.co/Ke1NPDqEJJ https://t.co/2lundLwzLH,57,@CNN
257,-0.1902,Mon Jan 08 22:40:25 +0000 2018,0.929,0.071,0.0,American voters are big fans of Oprah Winfrey -- but a poll last March found that most didn't want her to run for P… https://t.co/YZlDkM79eM,58,@CNN
258,-0.1847,Mon Jan 08 22:32:26 +0000 2018,0.664,0.2,0.136,"""'If you make me happy, I don't care who else you make unhappy' is essentially the US foreign policy now."" - Michae… https://t.co/MTxRWCgA7s",59,@CNN
259,0.5859,Mon Jan 08 22:30:46 +0000 2018,0.826,0.0,0.174,It's a complicated political question: How can the GOP give President Trump a win on the wall without alienating De… https://t.co/l517xeC4bQ,60,@CNN
260,0.0,Mon Jan 08 22:21:52 +0000 2018,1.0,0.0,0.0,Oprah Winfrey's Golden Globes speech sends Weight Watchers stock soaring https://t.co/jxKSbqlIeM https://t.co/8uTgJhWU7L,61,@CNN
261,0.0,Mon Jan 08 22:20:38 +0000 2018,1.0,0.0,0.0,"The Trump administration's decision to end a program that allowed about 250,000 Salvadorans to stay in the US could… https://t.co/V7K7ol43sK",62,@CNN
262,0.0516,Mon Jan 08 22:16:20 +0000 2018,0.644,0.155,0.201,"The United States has the worst overall child mortality rate compared with those of 19 other wealthy nations, accor… https://t.co/CqdrL3NDSQ",63,@CNN
263,0.0,Mon Jan 08 22:15:10 +0000 2018,1.0,0.0,0.0,"Meet Kathryn Smith, the first woman to become a full-time coach in the NFL.

#BossFiles with @PoppyHarlowCNN: 

Lis… https://t.co/DeAwBuIWZX",64,@CNN
264,-0.8271,Mon Jan 08 22:03:32 +0000 2018,0.661,0.339,0.0,"""Fire and Fury"" author Michael Wolff says 100 percent of the people around the President believe he's incapable of… https://t.co/3hlV1S4Fl4",65,@CNN
265,0.25,Mon Jan 08 22:00:52 +0000 2018,0.889,0.0,0.111,"The Trump administration will end protections for more than 200,000 Salvadorans, granted by the Bush administration… https://t.co/1VK579Z9YB",66,@CNN
266,-0.296,Mon Jan 08 21:50:49 +0000 2018,0.891,0.109,0.0,"No, this is not a painting. It’s a NASA image of Jupiter’s swirling cloud systems, enhanced by two citizen scientis… https://t.co/noHxYkVubP",67,@CNN
267,0.3612,Mon Jan 08 21:48:30 +0000 2018,0.872,0.0,0.128,RT @CNNPolitics: An Oprah campaign might (literally) look like this | GIF analysis by CNN's Brenna Williams https://t.co/lgzE55uWJM https:/…,68,@CNN
268,0.0,Mon Jan 08 21:34:04 +0000 2018,1.0,0.0,0.0,"Ibuprofen taken in doses commonly used by athletes may be linked to male infertility, a new study finds… https://t.co/btQxlo1oMG",69,@CNN
269,-0.0516,Mon Jan 08 21:33:06 +0000 2018,0.821,0.093,0.086,"RT @TheLeadCNN: .@jaketapper: It is difficult to ascertain just what the truth is behind the “Fire and Fury” book since frankly, we have tw…",70,@CNN
270,0.0,Mon Jan 08 21:32:39 +0000 2018,1.0,0.0,0.0,"""Every time the President tweets, the White House goes into a spasm."" Michael Wolff, the author of a bombshell book… https://t.co/mym8M9TXNM",71,@CNN
271,0.4019,Mon Jan 08 21:27:49 +0000 2018,0.876,0.0,0.124,Lawyers for President Trump are anticipating a request for him to talk to special counsel Robert Mueller and are di… https://t.co/H0GtSPBa4v,72,@CNN
272,0.4019,Mon Jan 08 21:21:23 +0000 2018,0.876,0.0,0.124,Lawyers for President Trump are anticipating a request for him to talk to special counsel Robert Mueller and are di… https://t.co/31FUpEnFg5,73,@CNN
273,0.0,Mon Jan 08 21:20:12 +0000 2018,1.0,0.0,0.0,"Facebook is shutting down M, an automated personal assistant once thought to be a text-based answer to services lik… https://t.co/IKo3o3oWpz",74,@CNN
274,0.6124,Mon Jan 08 21:08:39 +0000 2018,0.773,0.0,0.227,"Apple has released new security updates for iPhones, iPads, and Macs to protect users from the Spectre flaw… https://t.co/4FBhnud18f",75,@CNN
275,0.0,Mon Jan 08 21:06:13 +0000 2018,1.0,0.0,0.0,"Oprah would make an exceptional president, writes @sallykohn for @CNNOpinion https://t.co/Jr0RXSTf7a https://t.co/VHguceyOcp",76,@CNN
276,0.0,Mon Jan 08 21:02:05 +0000 2018,1.0,0.0,0.0,"Michael Wolff, the author of a book that has driven a wedge between President Trump and Steve Bannon, defends ""Fire… https://t.co/8uzIV8GWXg",77,@CNN
277,0.34,Mon Jan 08 20:53:11 +0000 2018,0.876,0.0,0.124,Visa and Aflac are boosting their 401(k) match in the wake of the GOP tax overhaul https://t.co/IYfE1SdJuA https://t.co/EF4avE0WbX,78,@CNN
278,0.0,Mon Jan 08 20:46:11 +0000 2018,1.0,0.0,0.0,Pizza Hut is working on self-driving delivery trucks https://t.co/mtI2ynCP2I https://t.co/sZegOnd6Xq,79,@CNN
279,0.0,Mon Jan 08 20:32:04 +0000 2018,1.0,0.0,0.0,"Rancher Cliven Bundy was released from custody Monday, according to his attorney https://t.co/7UQuRecyt1 https://t.co/H97rUymsVk",80,@CNN
280,0.2023,Mon Jan 08 20:27:08 +0000 2018,0.899,0.0,0.101,Pope Francis once again tells breastfeeding moms it's fine to feed hungry babies in church https://t.co/tFIN9QfeKR https://t.co/9or9PSCDBe,81,@CNN
281,-0.4215,Mon Jan 08 20:24:20 +0000 2018,0.81,0.138,0.052,"Michael Wolff: Steve Bannon's recent statement backing away from his criticism of Donald Trump Jr. is ""not true""… https://t.co/00QCBKJyx8",82,@CNN
282,0.0,Mon Jan 08 20:20:18 +0000 2018,1.0,0.0,0.0,A record-breaking 22 women are now serving in the US Senate https://t.co/rk4tZEaqDm https://t.co/kIjVa9H0PJ,83,@CNN
283,0.0,Mon Jan 08 20:10:03 +0000 2018,1.0,0.0,0.0,Here's what Oprah Winfrey said at the Golden Globes last night https://t.co/oJ7E60GG4j https://t.co/uLfVv6EqVR,84,@CNN
284,0.0,Mon Jan 08 20:03:22 +0000 2018,1.0,0.0,0.0,A conservative watchdog group led by Steve Bannon tried to discredit Donald Trump in the early stages of the 2016 G… https://t.co/ogV8AHK2fV,85,@CNN
285,0.3612,Mon Jan 08 20:00:20 +0000 2018,0.865,0.0,0.135,"H&amp;M apologizes for using a black child to model a sweatshirt with a ""coolest monkey in the jungle"" slogan… https://t.co/3LncKlJR4M",86,@CNN
286,0.3612,Mon Jan 08 20:00:06 +0000 2018,0.857,0.0,0.143,"With the press of a button, LG Display's 65-inch screen rolls up like a yoga mat https://t.co/8iKXUOG0G0 https://t.co/YUPG0FinkM",87,@CNN
287,-0.6597,Mon Jan 08 19:50:11 +0000 2018,0.804,0.196,0.0,"Just in: Mitt Romney was treated for prostate cancer over the summer. Source says his prognosis is ""good""… https://t.co/rQjpinr0Jj",88,@CNN
288,0.0,Mon Jan 08 19:40:06 +0000 2018,1.0,0.0,0.0,The world's most punctual airports and airlines in 2018 revealed https://t.co/8BdoyelPs8 https://t.co/7KBcoYu2kb,89,@CNN
289,-0.0516,Mon Jan 08 19:30:07 +0000 2018,0.946,0.054,0.0,"Vice President Mike Pence will leave late next week for a Middle East trip that will take him to Egypt, Jordan and… https://t.co/B01uWHpDcy",90,@CNN
290,0.0,Mon Jan 08 19:20:09 +0000 2018,1.0,0.0,0.0,"This is where the jobs are, and where they're not https://t.co/6qcbwqeiS6 https://t.co/fxOf8dOwGF",91,@CNN
291,0.0,Mon Jan 08 19:10:06 +0000 2018,1.0,0.0,0.0,“I wasn't about the naysayers. I wanted to work extra hard”: How Kathryn Smith defied the odds and became the first… https://t.co/hpFdpgUDvW,92,@CNN
292,-0.6486,Mon Jan 08 19:00:10 +0000 2018,0.699,0.301,0.0,64 migrants believed dead after boat sinks in Mediterranean https://t.co/r0MpOLqXq6 https://t.co/zVdhV20jPY,93,@CNN
293,0.0,Mon Jan 08 18:50:11 +0000 2018,1.0,0.0,0.0,6 times Oprah stoked or shot down 2020 speculation https://t.co/A0QTKeWeFZ https://t.co/ylR5k2sYrx,94,@CNN
294,0.0,Mon Jan 08 18:40:11 +0000 2018,1.0,0.0,0.0,"If Mitt Romney wants to become Utah's next senator, there's virtually nothing standing in the 2012 Republican presi… https://t.co/8reKntl31h",95,@CNN
295,0.0,Mon Jan 08 18:30:56 +0000 2018,1.0,0.0,0.0,"In a 1999 interview with Larry King, Donald Trump said that his first choice for a running mate would be Oprah Winf… https://t.co/l5XPljN5VS",96,@CNN
296,0.0,Mon Jan 08 18:20:07 +0000 2018,1.0,0.0,0.0,Removing a President using the 25th amendment would require a political apocalypse | Analysis by @zbyronwolf … https://t.co/l9XrU8kDSX,97,@CNN
297,0.8126,Mon Jan 08 18:10:16 +0000 2018,0.684,0.0,0.316,"""She knows how to win""

""I adore Oprah""

Here's what Trump tweeted about Oprah in 2012: https://t.co/UNHSF2P0ZI https://t.co/G5eun8bAkk",98,@CNN
298,0.6705,Mon Jan 08 18:00:16 +0000 2018,0.718,0.0,0.282,Steve Bannon knows the secret to getting back in Trump's good graces | Analysis by @CillizzaCNN… https://t.co/AdMp3q4TYL,99,@CNN
299,0.0,Mon Jan 08 17:52:25 +0000 2018,1.0,0.0,0.0,"Former independent counsel Ken Starr said Monday it's ""probable"" that President Trump will be interviewed face-to-f… https://t.co/Uwg3O0rWHT",100,@CNN
300,0.0,Tue Jan 09 02:35:02 +0000 2018,1.0,0.0,0.0,"While delivering remarks at the American Farm Bureau Federation Convention in Nashville, TN, @POTUS had this to say… https://t.co/qnjwcMymsD",1,@FoxNews
301,0.0,Tue Jan 09 02:24:20 +0000 2018,1.0,0.0,0.0,".@POTUS stands for National Anthem at NCAA game; Alabama player heard saying 'F--- #Trump', via @MRichardson713 https://t.co/KVTAtLnmBK",2,@FoxNews
302,0.0,Tue Jan 09 02:12:55 +0000 2018,1.0,0.0,0.0,"North, South Korea begin rare talks at the border ahead of Olympics https://t.co/RIdKzsc0ew",3,@FoxNews
303,0.4404,Tue Jan 09 02:01:21 +0000 2018,0.854,0.0,0.146,During the singing of the national anthem at tonight's College Football Playoff National Championship game in Atlan… https://t.co/HTsNJ6eMYR,4,@FoxNews
304,0.5563,Tue Jan 09 01:55:21 +0000 2018,0.807,0.0,0.193,"""#OprahWinfrey is very talented. She brings people together. She's not divisive."" — @WendyOsefo on speculation abou… https://t.co/3e3pUMQzUo",5,@FoxNews
305,0.0,Tue Jan 09 01:40:31 +0000 2018,1.0,0.0,0.0,WATCH: #Trump Adviser Stephen Miller Reacts to @CNN Interview  https://t.co/pvkcU1GyIX,6,@FoxNews
306,0.0,Tue Jan 09 01:39:03 +0000 2018,1.0,0.0,0.0,"Stephen Miller on @POTUS' immigration reform plan: ""We can have an immigration system that 10, 20, 30, 50 years fro… https://t.co/RiKbjCjjWS",7,@FoxNews
307,0.0,Tue Jan 09 01:36:06 +0000 2018,1.0,0.0,0.0,"Stephen Miller on @POTUS' immigration reform plan: ""When we have an immigration system, whose needs are we fundamen… https://t.co/iBb8z74N3Y",8,@FoxNews
308,0.0,Tue Jan 09 01:34:03 +0000 2018,1.0,0.0,0.0,"Stephen Miller on @POTUS' immigration reform plan: ""If Democrats oppose a border wall, they're just saying they wan… https://t.co/ulAAzhof8p",9,@FoxNews
309,0.0,Tue Jan 09 01:30:56 +0000 2018,1.0,0.0,0.0,"Stephen Miller on #Trump's immigration reform plan: ""@POTUS has a very 'radical' idea. And that's that when we make… https://t.co/RTwNA36WXr",10,@FoxNews
310,-0.34,Tue Jan 09 01:25:26 +0000 2018,0.876,0.124,0.0,.@WhiteHouse senior policy adviser Stephen Miller talks to @TuckerCarlson about his fiery interview on @CNN over th… https://t.co/nzd74yWLpX,11,@FoxNews
311,-0.4588,Tue Jan 09 01:18:04 +0000 2018,0.8,0.2,0.0,.@RepMikeTurner The Obama-era neglect of our military must come to an end  https://t.co/qwPJVvIKIf,12,@FoxNews
312,0.5574,Tue Jan 09 01:01:03 +0000 2018,0.753,0.0,0.247,Hero whale saves snorkeler from tiger shark in the Pacific Ocean https://t.co/zxIDtoSomQ,13,@FoxNews
313,0.0,Tue Jan 09 00:55:04 +0000 2018,1.0,0.0,0.0,"TUNE IN: @WhiteHouse Senior Policy Advisor Stephen Miller speaks to @TuckerCarlson at 8p ET on ""Tucker Carlson Toni… https://t.co/TvQ4Lif48A",14,@FoxNews
314,-0.5719,Tue Jan 09 00:49:10 +0000 2018,0.829,0.171,0.0,".@TGowdySC on plans to speak w/ Steve Bannon on his claims of treasonous behavior in Trump campaign: ""Yes...Treason… https://t.co/USt1CoFpsG",15,@FoxNews
315,0.0,Tue Jan 09 00:45:00 +0000 2018,1.0,0.0,0.0,.@POTUS bashing 2018 #GoldenGlobes ratings down from 2017 https://t.co/nQ2ptua55T,16,@FoxNews
316,0.0,Tue Jan 09 00:34:08 +0000 2018,1.0,0.0,0.0,".@SteveScalise: ""When you're in meetings with @POTUS, it's all business. You've got a man here who wants to get our… https://t.co/ixFFxphnQj",17,@FoxNews
317,0.0,Tue Jan 09 00:24:04 +0000 2018,1.0,0.0,0.0,".@benshapiro on @Oprah possibly running for president in 2020: ""If there are people who are very famous, and we've… https://t.co/YhBsFKiLBW",18,@FoxNews
318,0.8555,Tue Jan 09 00:13:02 +0000 2018,0.669,0.0,0.331,"""The United States is a wonderful country and it is a much better place to live than a lot of places on Earth, but.… https://t.co/GlNrnZNgtk",19,@FoxNews
319,0.0,Tue Jan 09 00:04:24 +0000 2018,1.0,0.0,0.0,"""#DonaldTrump ran for office saying he was going to change immigration laws...That's what he's doing here."" —… https://t.co/Wsi36Lsg8f",20,@FoxNews
320,0.0,Tue Jan 09 02:35:02 +0000 2018,1.0,0.0,0.0,"While delivering remarks at the American Farm Bureau Federation Convention in Nashville, TN, @POTUS had this to say… https://t.co/qnjwcMymsD",21,@FoxNews
321,0.0,Tue Jan 09 02:24:20 +0000 2018,1.0,0.0,0.0,".@POTUS stands for National Anthem at NCAA game; Alabama player heard saying 'F--- #Trump', via @MRichardson713 https://t.co/KVTAtLnmBK",22,@FoxNews
322,0.0,Tue Jan 09 02:12:55 +0000 2018,1.0,0.0,0.0,"North, South Korea begin rare talks at the border ahead of Olympics https://t.co/RIdKzsc0ew",23,@FoxNews
323,0.4404,Tue Jan 09 02:01:21 +0000 2018,0.854,0.0,0.146,During the singing of the national anthem at tonight's College Football Playoff National Championship game in Atlan… https://t.co/HTsNJ6eMYR,24,@FoxNews
324,0.5563,Tue Jan 09 01:55:21 +0000 2018,0.807,0.0,0.193,"""#OprahWinfrey is very talented. She brings people together. She's not divisive."" — @WendyOsefo on speculation abou… https://t.co/3e3pUMQzUo",25,@FoxNews
325,0.0,Tue Jan 09 01:40:31 +0000 2018,1.0,0.0,0.0,WATCH: #Trump Adviser Stephen Miller Reacts to @CNN Interview  https://t.co/pvkcU1GyIX,26,@FoxNews
326,0.0,Tue Jan 09 01:39:03 +0000 2018,1.0,0.0,0.0,"Stephen Miller on @POTUS' immigration reform plan: ""We can have an immigration system that 10, 20, 30, 50 years fro… https://t.co/RiKbjCjjWS",27,@FoxNews
327,0.0,Tue Jan 09 01:36:06 +0000 2018,1.0,0.0,0.0,"Stephen Miller on @POTUS' immigration reform plan: ""When we have an immigration system, whose needs are we fundamen… https://t.co/iBb8z74N3Y",28,@FoxNews
328,0.0,Tue Jan 09 01:34:03 +0000 2018,1.0,0.0,0.0,"Stephen Miller on @POTUS' immigration reform plan: ""If Democrats oppose a border wall, they're just saying they wan… https://t.co/ulAAzhof8p",29,@FoxNews
329,0.0,Tue Jan 09 01:30:56 +0000 2018,1.0,0.0,0.0,"Stephen Miller on #Trump's immigration reform plan: ""@POTUS has a very 'radical' idea. And that's that when we make… https://t.co/RTwNA36WXr",30,@FoxNews
330,-0.34,Tue Jan 09 01:25:26 +0000 2018,0.876,0.124,0.0,.@WhiteHouse senior policy adviser Stephen Miller talks to @TuckerCarlson about his fiery interview on @CNN over th… https://t.co/nzd74yWLpX,31,@FoxNews
331,-0.4588,Tue Jan 09 01:18:04 +0000 2018,0.8,0.2,0.0,.@RepMikeTurner The Obama-era neglect of our military must come to an end  https://t.co/qwPJVvIKIf,32,@FoxNews
332,0.5574,Tue Jan 09 01:01:03 +0000 2018,0.753,0.0,0.247,Hero whale saves snorkeler from tiger shark in the Pacific Ocean https://t.co/zxIDtoSomQ,33,@FoxNews
333,0.0,Tue Jan 09 00:55:04 +0000 2018,1.0,0.0,0.0,"TUNE IN: @WhiteHouse Senior Policy Advisor Stephen Miller speaks to @TuckerCarlson at 8p ET on ""Tucker Carlson Toni… https://t.co/TvQ4Lif48A",34,@FoxNews
334,-0.5719,Tue Jan 09 00:49:10 +0000 2018,0.829,0.171,0.0,".@TGowdySC on plans to speak w/ Steve Bannon on his claims of treasonous behavior in Trump campaign: ""Yes...Treason… https://t.co/USt1CoFpsG",35,@FoxNews
335,0.0,Tue Jan 09 00:45:00 +0000 2018,1.0,0.0,0.0,.@POTUS bashing 2018 #GoldenGlobes ratings down from 2017 https://t.co/nQ2ptua55T,36,@FoxNews
336,0.0,Tue Jan 09 00:34:08 +0000 2018,1.0,0.0,0.0,".@SteveScalise: ""When you're in meetings with @POTUS, it's all business. You've got a man here who wants to get our… https://t.co/ixFFxphnQj",37,@FoxNews
337,0.0,Tue Jan 09 00:24:04 +0000 2018,1.0,0.0,0.0,".@benshapiro on @Oprah possibly running for president in 2020: ""If there are people who are very famous, and we've… https://t.co/YhBsFKiLBW",38,@FoxNews
338,0.8555,Tue Jan 09 00:13:02 +0000 2018,0.669,0.0,0.331,"""The United States is a wonderful country and it is a much better place to live than a lot of places on Earth, but.… https://t.co/GlNrnZNgtk",39,@FoxNews
339,0.0,Tue Jan 09 00:04:24 +0000 2018,1.0,0.0,0.0,"""#DonaldTrump ran for office saying he was going to change immigration laws...That's what he's doing here."" —… https://t.co/Wsi36Lsg8f",40,@FoxNews
340,-0.3182,Mon Jan 08 23:56:49 +0000 2018,0.46,0.333,0.207,"Norman Roule on Iran protests: ""Clearly the protesters have valid grievances and clearly this is a repressive gover… https://t.co/srCP8TQqOp",41,@FoxNews
341,-0.765,Mon Jan 08 23:56:26 +0000 2018,0.479,0.521,0.0,Dem-ordered study to expose illegal online gun sales backfires https://t.co/c3LCWCVppS,42,@FoxNews
342,0.5106,Mon Jan 08 23:38:03 +0000 2018,0.728,0.073,0.199,"""ARE YOU IN?"": A father, and Georgia Bulldogs fan, breaks down in tears when his son gives him the ultimate gift: t… https://t.co/eMR3faC6WC",43,@FoxNews
343,0.0,Mon Jan 08 23:29:58 +0000 2018,1.0,0.0,0.0,"James Damore sues @Google, claims tech giant discriminates against white conservative men https://t.co/vBAUrIiwBm",44,@FoxNews
344,0.4588,Mon Jan 08 23:23:30 +0000 2018,0.786,0.0,0.214,"Grand jury seeks testimony about @SenSanders' wife, $10M college loan: report  https://t.co/48TbQEZzre",45,@FoxNews
345,0.0,Mon Jan 08 23:22:01 +0000 2018,1.0,0.0,0.0,"This week's #PAFarmShow features this butter sculpture which depicts a dairy cow, dairy farmer, agronomist, milk pr… https://t.co/JfHUbZbdHX",46,@FoxNews
346,0.6114,Mon Jan 08 23:12:01 +0000 2018,0.765,0.0,0.235,Penguins at the @MilwaukeeCoZoo? are happy to hop on the scale for fish! https://t.co/yPh6otCyQn,47,@FoxNews
347,0.4019,Mon Jan 08 23:10:27 +0000 2018,0.787,0.0,0.213,.@NancyPelosi's Son Posts Photo With @IvankaTrump at Mar-A-Lago NYE Party https://t.co/YT1U6eFdaY,48,@FoxNews
348,-0.612,Mon Jan 08 23:00:04 +0000 2018,0.733,0.267,0.0,"It's Kim Jong Un's birthday (probably), but North Koreans aren't celebrating https://t.co/SNqdKWDYTj",49,@FoxNews
349,0.25,Mon Jan 08 22:51:00 +0000 2018,0.857,0.0,0.143,.@POTUS tells farming convention the ‘American dream is roaring back to life’ https://t.co/zp55oFgeRa,50,@FoxNews
350,-0.34,Mon Jan 08 22:43:38 +0000 2018,0.888,0.112,0.0,".@JesseBWatters on Michael Wolff's @WhiteHouse book 'Fire and Fury': ""The main point of the book was that @POTUS di… https://t.co/0mGfkKgAQv",51,@FoxNews
351,-0.4404,Mon Jan 08 22:30:40 +0000 2018,0.868,0.132,0.0,".@kimguilfoyle on attacks on @POTUS' 'mental fitness': ""So, how did he get into the @WhiteHouse?...He did all the d… https://t.co/jmCzJc0iQg",52,@FoxNews
352,0.2263,Mon Jan 08 22:23:03 +0000 2018,0.671,0.134,0.195,.@NAACP calls for 'snowflake' protest against #Trump at College Football Championship https://t.co/YWhjZSbCYI,53,@FoxNews
353,0.0,Mon Jan 08 22:15:05 +0000 2018,1.0,0.0,0.0,"TONIGHT: @WhiteHouse Policy Advisor Stephen Miller speaks to @TuckerCarlson at 8p ET on ""Tucker Carlson Tonight.""… https://t.co/DP4EMb8bR1",54,@FoxNews
354,0.0,Mon Jan 08 22:14:02 +0000 2018,1.0,0.0,0.0,"During remarks at the American Farm Bureau Federation Convention in Nashville, TN, @POTUS had this to say about the… https://t.co/jRlotgffoa",55,@FoxNews
355,0.7311,Mon Jan 08 22:08:53 +0000 2018,0.745,0.0,0.255,".@POTUS: ""We are witnessing a new era of patriotism, prosperity, and pride, and at the forefront of this exciting n… https://t.co/xDfBlAxOH0",56,@FoxNews
356,-0.3182,Mon Jan 08 22:08:12 +0000 2018,0.85,0.15,0.0,.@TheJusticeDept official who concealed meetings with #Trump dossier figures loses another job title https://t.co/vTkII3kbDG,57,@FoxNews
357,-0.1779,Mon Jan 08 22:04:42 +0000 2018,0.641,0.21,0.149,".@POTUS: ""Our task is to preserve the freedom that American soldiers have fought for and died for in every generati… https://t.co/XtYNE2OdmV",58,@FoxNews
358,0.6808,Mon Jan 08 22:00:11 +0000 2018,0.763,0.0,0.237,".@POTUS: ""Every American child deserves to grow up in a safe community and to live a life full of dignity, purpose… https://t.co/FYUnr314Bu",59,@FoxNews
359,0.0,Mon Jan 08 21:55:42 +0000 2018,1.0,0.0,0.0,".@POTUS: ""We are going to end chain migration. We are going to end the lottery system, and we are going to build th… https://t.co/8mtpWySRxn",60,@FoxNews
360,0.3182,Mon Jan 08 21:54:14 +0000 2018,0.655,0.122,0.223,"""We're also moving swiftly to bring hope and prosperity to struggling rural communities."" - @POTUS signs two execut… https://t.co/xc836etyby",61,@FoxNews
361,0.0772,Mon Jan 08 21:49:57 +0000 2018,0.925,0.0,0.075,".@POTUS: ""We want to see even more victories for the American farmer and the American rancher."" https://t.co/WVMHftBr3q",62,@FoxNews
362,0.3182,Mon Jan 08 21:48:19 +0000 2018,0.867,0.0,0.133,JUST IN: President #Trump signs two executive orders to expand broadband access in rural areas https://t.co/CdtfA6tAtZ,63,@FoxNews
363,0.4939,Mon Jan 08 21:47:30 +0000 2018,0.763,0.076,0.16,".@POTUS: ""There's plenty of space for people to express their views, and to protest. But we love our flag, we love… https://t.co/RMkA65HhGO",64,@FoxNews
364,0.0258,Mon Jan 08 21:42:51 +0000 2018,0.622,0.207,0.17,".@POTUS: ""We're fighting for our farmers...and we're fighting for our country, and for our great American flag."" https://t.co/MT57vbDEJy",65,@FoxNews
365,-0.4767,Mon Jan 08 21:39:40 +0000 2018,0.745,0.255,0.0,".@POTUS speaking to the American Farm Bureau Federation: ""You are forgotten no more."" https://t.co/IXGscbC3lB",66,@FoxNews
366,-0.807,Mon Jan 08 21:35:21 +0000 2018,0.733,0.267,0.0,".@POTUS: ""You're going to be spared...of the deeply unfair estate tax, known as the 'death tax.' So, you can keep y… https://t.co/BvZCJ0D3wa",67,@FoxNews
367,-0.2732,Mon Jan 08 21:32:50 +0000 2018,0.913,0.087,0.0,".@POTUS: ""Under this new law, the typical family of four earning $75,000 will see an income tax cut of more than $2… https://t.co/kWJ9KtRyrL",68,@FoxNews
368,0.4767,Mon Jan 08 21:28:44 +0000 2018,0.829,0.0,0.171,".@POTUS: ""Republicans came together and delivered historic relief for our farmers and our middle class."" https://t.co/CLkunkhWws",69,@FoxNews
369,0.5719,Mon Jan 08 21:27:30 +0000 2018,0.812,0.0,0.188,".@POTUS: ""We know that our nation was founded by farmers. Our independence was won by farmers."" https://t.co/0TyUtPwyxt",70,@FoxNews
370,0.0,Mon Jan 08 21:23:31 +0000 2018,1.0,0.0,0.0,".@POTUS: ""Farmers have always, always, always led the way."" https://t.co/IhdUBGP5ts",71,@FoxNews
371,0.0,Mon Jan 08 21:20:42 +0000 2018,1.0,0.0,0.0,".@POTUS: ""We have been working every day to deliver for America's farmers, just as they work every single day to de… https://t.co/7dgeQgrloK",72,@FoxNews
372,0.0,Mon Jan 08 21:18:23 +0000 2018,1.0,0.0,0.0,".@POTUS: ""Here as the state slogan goes: 'We see America at its absolute best,' and you're doing well."" https://t.co/ZXHxuOQtfd",73,@FoxNews
373,0.0,Mon Jan 08 21:12:37 +0000 2018,1.0,0.0,0.0,.@POTUS is expected to discuss trade and economic issues in Nashville speech https://t.co/GgIRJCYmPM,74,@FoxNews
374,0.7506,Mon Jan 08 21:09:26 +0000 2018,0.701,0.0,0.299,"""[@realDonaldTrump] is like every politician; he wants to be loved a little bit."" Former Reagan Campaign Manager… https://t.co/7MH993MWk2",75,@FoxNews
375,0.0,Mon Jan 08 21:04:35 +0000 2018,1.0,0.0,0.0,"TUNE IN: @POTUS to deliver remarks to the American Farm Bureau Federation in Nashville, Tennessee. https://t.co/xCLL1a8GhF",76,@FoxNews
376,-0.6705,Mon Jan 08 20:58:29 +0000 2018,0.609,0.391,0.0,"Washington state deputy killed, prompting massive manhunt https://t.co/pie42JhUZX",77,@FoxNews
377,-0.0772,Mon Jan 08 20:56:58 +0000 2018,0.698,0.163,0.14,Ex-wife of slain NBA player agrees to face Tennessee charges https://t.co/PfuFIwazCG,78,@FoxNews
378,0.4926,Mon Jan 08 20:52:10 +0000 2018,0.834,0.0,0.166,OPINION: Why 2018 could truly be historic for small business (and it's about time!) (via @FoxNewsOpinion) https://t.co/FBYaSIMrSF,79,@FoxNews
379,0.3612,Mon Jan 08 20:31:04 +0000 2018,0.872,0.0,0.128,".@bykowicz on Michael Wolff's book: ""I feel like this is a story that isn't going away anytime soon.""… https://t.co/bheE3VUuyL",80,@FoxNews
380,0.0,Mon Jan 08 20:27:54 +0000 2018,1.0,0.0,0.0,Former #Trump administration officials: Where are they now? https://t.co/DjEVSzXxUH,81,@FoxNews
381,-0.5719,Mon Jan 08 20:26:04 +0000 2018,0.761,0.239,0.0,Trump org attorneys slam ultra-luxe NYC condo building for trying to drop #Trump name from doorway https://t.co/XLmX7yx19q,82,@FoxNews
382,0.0,Mon Jan 08 20:23:54 +0000 2018,1.0,0.0,0.0,"Texas A&amp;M football reporter Courtney Roland found unharmed, police say https://t.co/MfMns0ftXX",83,@FoxNews
383,-0.2263,Mon Jan 08 20:22:37 +0000 2018,0.863,0.137,0.0,'Fixer Upper' star @joannagaines demands $150K to take part in lawsuit deposition https://t.co/P4ssEry5Dp,84,@FoxNews
384,0.4019,Mon Jan 08 20:16:05 +0000 2018,0.838,0.0,0.162,OPINION: Earmarks - those special taxpayer-funded 'favors' for members of Congress - may be back (via… https://t.co/Afzy5kF4Us,85,@FoxNews
385,0.0,Mon Jan 08 20:12:35 +0000 2018,1.0,0.0,0.0,.@POTUS arrives in Nashville for speech to American Farm Bureau Federation https://t.co/1pIshXDcDA,86,@FoxNews
386,0.0,Mon Jan 08 20:08:23 +0000 2018,1.0,0.0,0.0,"#Trump lawyers consider possible interview of president by Mueller team, @johnrobertsFox reports… https://t.co/eLMWu342rk",87,@FoxNews
387,-0.3182,Mon Jan 08 20:03:50 +0000 2018,0.85,0.15,0.0,DOJ official who concealed meetings with #Trump dossier figures loses another job title https://t.co/lW2kqSSLDc,88,@FoxNews
388,0.0,Mon Jan 08 19:57:14 +0000 2018,1.0,0.0,0.0,.@KatTimpf Teaches Her Own 'Masterclass': How to Be a Cable News Pundit https://t.co/xrxY2tJ1E4,89,@FoxNews
389,0.0,Mon Jan 08 19:53:32 +0000 2018,1.0,0.0,0.0,.@Judgenap: Mueller Believes Manafort Will Roll Over on President #Trump https://t.co/BgvGb1uQRr,90,@FoxNews
390,0.0,Mon Jan 08 19:52:48 +0000 2018,1.0,0.0,0.0,"OPINION: @SteveHiltonx: Say goodbye to Alexa and Siri, resist the temptations of Google Home and make your life mor… https://t.co/apem8SGEgP",91,@FoxNews
391,-0.2732,Mon Jan 08 19:48:30 +0000 2018,0.84,0.16,0.0,"All charges against rancher Cliven Bundy, three others are dismissed https://t.co/Ln4b9FVDPj https://t.co/SPtuUT77It",92,@FoxNews
392,-0.7906,Mon Jan 08 19:45:16 +0000 2018,0.562,0.438,0.0,"3 dead, 1 injured in apparent murder-suicide at Texas resort, police say https://t.co/ZVDV2PPINg",93,@FoxNews
393,0.7783,Mon Jan 08 19:43:05 +0000 2018,0.726,0.0,0.274,"""DRAIN THE PUTT"": A @ClemsonUniv student made the crowd erupt into cheers after he sank a 94-foot putt and won $10,… https://t.co/8keK8wnWI2",94,@FoxNews
394,0.0,Mon Jan 08 19:42:29 +0000 2018,1.0,0.0,0.0,WikiLeaks tweets then deletes link to text of new #Trump book https://t.co/M6qoYwYFDX,95,@FoxNews
395,-0.4588,Mon Jan 08 19:37:47 +0000 2018,0.833,0.167,0.0,OPINION: @RepMikeTurner: The Obama-era neglect of our military must come to an end (via @FoxNewsOpinion) https://t.co/75TTTDusqA,96,@FoxNews
396,-0.9349,Mon Jan 08 19:34:27 +0000 2018,0.496,0.504,0.0,"MS-13 gang member who stabbed 15-year-old girl 13 times, sliced off tattoo pleads guilty to brutal killing https://t.co/Q2DCwPSwnF",97,@FoxNews
397,0.3182,Mon Jan 08 19:31:05 +0000 2018,0.892,0.0,0.108,"Marie Harf on celebrities dubbing @Oprah 'our future president': ""All of these old rules about what is acceptable d… https://t.co/u1kD0945EA",98,@FoxNews
398,-0.3612,Mon Jan 08 19:27:54 +0000 2018,0.578,0.254,0.168,"JUST IN: @MittRomney treated over summer for prostate cancer, prognosis good https://t.co/jd6xzQSTlu",99,@FoxNews
399,0.4019,Mon Jan 08 19:27:06 +0000 2018,0.856,0.0,0.144,".@HolmesJosh on celebrities dubbing @Oprah 'our future president':  ""What you're looking at is a Democratic Party t… https://t.co/BCVlfP4upG",100,@FoxNews
400,-0.3818,Tue Jan 09 02:32:03 +0000 2018,0.906,0.094,0.0,"RT @HannaIngber: We heard from a lot of readers who were upset with our obituary of Thomas Monson, who was head of the Mormon Church. Our o…",1,@nytimes
401,0.1531,Tue Jan 09 02:21:03 +0000 2018,0.798,0.088,0.113,"Trump's lawyers are assessing the risks of allowing him to be interviewed by the special counsel, who told them a r… https://t.co/HsixyyNM6h",2,@nytimes
402,0.0,Tue Jan 09 02:11:06 +0000 2018,1.0,0.0,0.0,RT @dougmillsnyt: .@realDonaldTrump watches the #NationalChampionship with members of the ROTC https://t.co/y72hoWXesK,3,@nytimes
403,0.0,Tue Jan 09 02:02:05 +0000 2018,1.0,0.0,0.0,Evening Briefing: Here's what you need to know at the end of the day https://t.co/SsNMtGeKQO,4,@nytimes
404,-0.2924,Tue Jan 09 01:47:05 +0000 2018,0.91,0.09,0.0,"RT @kenvogel: Fusion GPS is STILL doing research into Trump's ties to Russia, though it's not clear who's paying for the work. https://t.co…",5,@nytimes
405,0.0258,Tue Jan 09 01:34:02 +0000 2018,0.458,0.268,0.275,"The best and worst of the Golden Globes
https://t.co/e9hdEhCDAZ",6,@nytimes
406,0.0,Tue Jan 09 01:19:37 +0000 2018,1.0,0.0,0.0,"Alabama and Georgia, 2 titans of the Southeastern Conference, square off for college football's national championsh… https://t.co/hDHKEfVDgT",7,@nytimes
407,0.0772,Tue Jan 09 01:02:06 +0000 2018,0.939,0.0,0.061,"In Washington, a number of people trying to skate or walk across the surface of the Reflecting Pool on the National… https://t.co/YFzqvtcGdO",8,@nytimes
408,-0.1531,Tue Jan 09 00:47:03 +0000 2018,0.882,0.118,0.0,Awkward: Sam Brownback said he was leaving as Kansas governor. He hasn’t. https://t.co/elL9I1oy5e,9,@nytimes
409,0.0,Tue Jan 09 00:32:04 +0000 2018,1.0,0.0,0.0,New York City will be the first major metropolis to redraw its flood maps taking into account the realities of clim… https://t.co/b1f5yt7qxb,10,@nytimes
410,0.8442,Tue Jan 09 00:17:05 +0000 2018,0.722,0.0,0.278,"RT @marcatracy: The quarterback of Nick Saban's first national champion is now a dentist. Now at Alabama, the greatest coach of this era li…",11,@nytimes
411,0.0,Tue Jan 09 00:02:02 +0000 2018,1.0,0.0,0.0,"What ultimately salvages Michael Wolff's book are the moments when he all but makes Steve Bannon his co-author, our… https://t.co/YIsmoiXjWi",12,@nytimes
412,0.0,Mon Jan 08 23:47:04 +0000 2018,1.0,0.0,0.0,Evening Briefing: Here's what you need to know at the end of the day https://t.co/XR5g95FV2r,13,@nytimes
413,0.4404,Mon Jan 08 23:32:05 +0000 2018,0.873,0.0,0.127,The charred parchment from Egypt holds an early copy of the Acts of the Apostles. Scientists hope to reconstruct th… https://t.co/deCPm1FPlc,14,@nytimes
414,0.0,Mon Jan 08 23:23:02 +0000 2018,1.0,0.0,0.0,RT @NYTSports: We're about two hours from #CFPNationalChampionship kickoff. @marcatracy provides some pregame snacks.  https://t.co/aB2hwbr…,15,@nytimes
415,0.0,Mon Jan 08 23:17:05 +0000 2018,1.0,0.0,0.0,Read Oprah Winfrey's Golden Globes speech https://t.co/iLb2GzcFxy,16,@nytimes
416,-0.296,Mon Jan 08 23:02:05 +0000 2018,0.759,0.147,0.094,"Energy Secretary Rick Perry’s plan for coal and nuclear subsidies was rejected by regulators, a blow to President T… https://t.co/fV3v2VQtOb",17,@nytimes
417,0.0,Mon Jan 08 22:47:04 +0000 2018,1.0,0.0,0.0,2 Apple investors are pushing the company to limit technology's effects on children https://t.co/tT4PEsbm0J,18,@nytimes
418,0.4767,Mon Jan 08 22:32:04 +0000 2018,0.763,0.0,0.237,The complete list of winners at the 2018 Golden Globes https://t.co/bhC6fTb4B8,19,@nytimes
419,-0.5574,Mon Jan 08 22:17:03 +0000 2018,0.825,0.175,0.0,New Jersey lifted a ban on a bestselling book about mass incarceration after the ACLU called the prohibition “ironi… https://t.co/BGn8CeeaGR,20,@nytimes
420,-0.3818,Tue Jan 09 02:32:03 +0000 2018,0.906,0.094,0.0,"RT @HannaIngber: We heard from a lot of readers who were upset with our obituary of Thomas Monson, who was head of the Mormon Church. Our o…",21,@nytimes
421,0.1531,Tue Jan 09 02:21:03 +0000 2018,0.798,0.088,0.113,"Trump's lawyers are assessing the risks of allowing him to be interviewed by the special counsel, who told them a r… https://t.co/HsixyyNM6h",22,@nytimes
422,0.0,Tue Jan 09 02:11:06 +0000 2018,1.0,0.0,0.0,RT @dougmillsnyt: .@realDonaldTrump watches the #NationalChampionship with members of the ROTC https://t.co/y72hoWXesK,23,@nytimes
423,0.0,Tue Jan 09 02:02:05 +0000 2018,1.0,0.0,0.0,Evening Briefing: Here's what you need to know at the end of the day https://t.co/SsNMtGeKQO,24,@nytimes
424,-0.2924,Tue Jan 09 01:47:05 +0000 2018,0.91,0.09,0.0,"RT @kenvogel: Fusion GPS is STILL doing research into Trump's ties to Russia, though it's not clear who's paying for the work. https://t.co…",25,@nytimes
425,0.0258,Tue Jan 09 01:34:02 +0000 2018,0.458,0.268,0.275,"The best and worst of the Golden Globes
https://t.co/e9hdEhCDAZ",26,@nytimes
426,0.0,Tue Jan 09 01:19:37 +0000 2018,1.0,0.0,0.0,"Alabama and Georgia, 2 titans of the Southeastern Conference, square off for college football's national championsh… https://t.co/hDHKEfVDgT",27,@nytimes
427,0.0772,Tue Jan 09 01:02:06 +0000 2018,0.939,0.0,0.061,"In Washington, a number of people trying to skate or walk across the surface of the Reflecting Pool on the National… https://t.co/YFzqvtcGdO",28,@nytimes
428,-0.1531,Tue Jan 09 00:47:03 +0000 2018,0.882,0.118,0.0,Awkward: Sam Brownback said he was leaving as Kansas governor. He hasn’t. https://t.co/elL9I1oy5e,29,@nytimes
429,0.0,Tue Jan 09 00:32:04 +0000 2018,1.0,0.0,0.0,New York City will be the first major metropolis to redraw its flood maps taking into account the realities of clim… https://t.co/b1f5yt7qxb,30,@nytimes
430,0.8442,Tue Jan 09 00:17:05 +0000 2018,0.722,0.0,0.278,"RT @marcatracy: The quarterback of Nick Saban's first national champion is now a dentist. Now at Alabama, the greatest coach of this era li…",31,@nytimes
431,0.0,Tue Jan 09 00:02:02 +0000 2018,1.0,0.0,0.0,"What ultimately salvages Michael Wolff's book are the moments when he all but makes Steve Bannon his co-author, our… https://t.co/YIsmoiXjWi",32,@nytimes
432,0.0,Mon Jan 08 23:47:04 +0000 2018,1.0,0.0,0.0,Evening Briefing: Here's what you need to know at the end of the day https://t.co/XR5g95FV2r,33,@nytimes
433,0.4404,Mon Jan 08 23:32:05 +0000 2018,0.873,0.0,0.127,The charred parchment from Egypt holds an early copy of the Acts of the Apostles. Scientists hope to reconstruct th… https://t.co/deCPm1FPlc,34,@nytimes
434,0.0,Mon Jan 08 23:23:02 +0000 2018,1.0,0.0,0.0,RT @NYTSports: We're about two hours from #CFPNationalChampionship kickoff. @marcatracy provides some pregame snacks.  https://t.co/aB2hwbr…,35,@nytimes
435,0.0,Mon Jan 08 23:17:05 +0000 2018,1.0,0.0,0.0,Read Oprah Winfrey's Golden Globes speech https://t.co/iLb2GzcFxy,36,@nytimes
436,-0.296,Mon Jan 08 23:02:05 +0000 2018,0.759,0.147,0.094,"Energy Secretary Rick Perry’s plan for coal and nuclear subsidies was rejected by regulators, a blow to President T… https://t.co/fV3v2VQtOb",37,@nytimes
437,0.0,Mon Jan 08 22:47:04 +0000 2018,1.0,0.0,0.0,2 Apple investors are pushing the company to limit technology's effects on children https://t.co/tT4PEsbm0J,38,@nytimes
438,0.4767,Mon Jan 08 22:32:04 +0000 2018,0.763,0.0,0.237,The complete list of winners at the 2018 Golden Globes https://t.co/bhC6fTb4B8,39,@nytimes
439,-0.5574,Mon Jan 08 22:17:03 +0000 2018,0.825,0.175,0.0,New Jersey lifted a ban on a bestselling book about mass incarceration after the ACLU called the prohibition “ironi… https://t.co/BGn8CeeaGR,40,@nytimes
440,-0.0516,Mon Jan 08 22:00:39 +0000 2018,0.741,0.152,0.107,"“We had hope that if we worked hard, paid our taxes and didn’t get in trouble we would be allowed to stay” https://t.co/X8L2cyVr7Z",41,@nytimes
441,0.7065,Mon Jan 08 21:47:05 +0000 2018,0.593,0.119,0.288,The genetic fingerprinting methods that have been so successful in the criminal justice system are now being used t… https://t.co/yb8pmDYv99,42,@nytimes
442,0.0,Mon Jan 08 21:33:08 +0000 2018,1.0,0.0,0.0,"Opinion: Oprah, don't do it https://t.co/ElEv8o20TP",43,@nytimes
443,-0.5719,Mon Jan 08 21:20:03 +0000 2018,0.802,0.198,0.0,The @nytimesbooks review of “Fire and Fury: Inside the Trump White House” by Michael Wolff https://t.co/f96fh7MwFn,44,@nytimes
444,0.0,Mon Jan 08 21:10:05 +0000 2018,1.0,0.0,0.0,"RT @rpogrebin: BIG ART NEWS A Mega-dealer is getting more mega: David Zwirner is planning a new $50m gallery in Chelsea, designed by Renzo…",45,@nytimes
445,0.0,Mon Jan 08 20:55:04 +0000 2018,1.0,0.0,0.0,"Just about anyone can enter this visa-free zone between Kazakhstan and China — that is, except for men with long be… https://t.co/7Wl4cMH8zS",46,@nytimes
446,-0.0516,Mon Jan 08 20:46:56 +0000 2018,0.93,0.07,0.0,"Another NYT reader's reaction to the Trump administration announcement that nearly 200,000 Salvadorans must leave t… https://t.co/WEhbmWmmQA",47,@nytimes
447,-0.0516,Mon Jan 08 20:40:12 +0000 2018,0.926,0.074,0.0,"A reader reacting to the Trump administration announcement that nearly 200,000 Salvadorans must leave the U.S.… https://t.co/KuCCc2U12J",48,@nytimes
448,-0.2732,Mon Jan 08 20:25:06 +0000 2018,0.905,0.095,0.0,"The charges against the Bundys, who led an armed standoff at their ranch in 2014, have been dismissed by a federal… https://t.co/mwlFaxG1qr",49,@nytimes
449,0.0258,Mon Jan 08 20:10:06 +0000 2018,0.644,0.176,0.18,"Best: Oprah Winfrey's speech, Natalie Portman's one-liner 
Worst: Mostly silent men, some of those red-carpet inter… https://t.co/xttPAYDe4N",50,@nytimes
450,-0.7579,Mon Jan 08 19:55:13 +0000 2018,0.745,0.255,0.0,"How an abolitionist, pro-North Civil War hymn came to be the fight song of a football team in the Deep South https://t.co/Nl908Tb50x",51,@nytimes
451,-0.1154,Mon Jan 08 19:40:06 +0000 2018,0.935,0.065,0.0,"Carrie Gracie said she was offered a raise before resigning as the BBC’s China editor, but one that still did not b… https://t.co/fjI9hJ0OIN",52,@nytimes
452,0.0,Mon Jan 08 19:25:02 +0000 2018,1.0,0.0,0.0,RT @nytimesES: Casi 200.000 salvadoreños que tenían permiso de vivir en Estados Unidos por más de una década ahora deberán irse del país. h…,53,@nytimes
453,0.0,Mon Jan 08 19:10:04 +0000 2018,1.0,0.0,0.0,"Marinate today, grill tomorrow https://t.co/JoFJ3RdE5z",54,@nytimes
454,0.0,Mon Jan 08 19:00:09 +0000 2018,1.0,0.0,0.0,RT @comradewong: How will a reborn Chinese empire shape the world? My thoughts on leaving China after nearly a decade reporting there for t…,55,@nytimes
455,-0.765,Mon Jan 08 18:47:55 +0000 2018,0.72,0.28,0.0,Breaking News: A fraternity has been banned from operating in Pennsylvania for 10 years after a pledge died in a 20… https://t.co/yIZI20F5MF,56,@nytimes
456,0.4404,Mon Jan 08 18:35:09 +0000 2018,0.854,0.0,0.146,"A handful of Mexican towns and cities are effectively seceding from the state. Sometimes with money, sometimes with… https://t.co/0yVm5GFYnA",57,@nytimes
457,-0.5106,Mon Jan 08 18:20:28 +0000 2018,0.656,0.226,0.118,"RT @adamliptak: “I have wondered if black people even have souls,” said a juror in a death penalty case.  On Monday, the Supreme Court call…",58,@nytimes
458,0.0,Mon Jan 08 18:10:13 +0000 2018,1.0,0.0,0.0,"Nearly 200,000 people from El Salvador who have been allowed to live in the U.S. for more than a decade must leave… https://t.co/XOPsyYGjKI",59,@nytimes
459,0.0258,Mon Jan 08 18:00:17 +0000 2018,0.735,0.11,0.155,RT @ThomasErdbrink: “The problem is that we want two generations after us to live the way we like them to.” https://t.co/HP2qmmJfks,60,@nytimes
460,0.0,Mon Jan 08 17:50:19 +0000 2018,1.0,0.0,0.0,"At least 4 people from 3 states have lined up to claim Charles Manson’s body, his property or both in the weeks sin… https://t.co/seg8USY4ll",61,@nytimes
461,-0.5423,Mon Jan 08 17:40:13 +0000 2018,0.837,0.163,0.0,"“We’re already taxed and harassed, and soon they’ll be charging for air,” one fruit and vegetable vendor said https://t.co/P9t15mbBXF",62,@nytimes
462,0.5859,Mon Jan 08 17:30:03 +0000 2018,0.853,0.0,0.147,"RT @dansaltzstein: We got 13,000 applications for our 52 Places Traveler job. We'll announce the winner later this week. In the meantime, a…",63,@nytimes
463,0.6962,Mon Jan 08 17:20:03 +0000 2018,0.776,0.0,0.224,"""The result was one of the most elegant, genuinely chic red carpets I’ve seen in Hollywood. Given meaning by the wo… https://t.co/kvzhTsZrCV",64,@nytimes
464,-0.4973,Mon Jan 08 17:10:08 +0000 2018,0.886,0.114,0.0,"RT @jessbidgood: ""You have to shout to be heard above the wind, but you have nothing intelligent to say.” @kseelye on our trip up Mt. Washi…",65,@nytimes
465,0.7506,Mon Jan 08 17:00:19 +0000 2018,0.67,0.0,0.33,A strong economy typically lifts a president's approval ratings. President Trump seems to be an exception. https://t.co/lFQBzplPI9,66,@nytimes
466,-0.2023,Mon Jan 08 16:45:05 +0000 2018,0.859,0.141,0.0,Here’s a look at the highs and lows of Golden Globes night https://t.co/GFGXxBlCo1,67,@nytimes
467,0.0,Mon Jan 08 16:41:02 +0000 2018,1.0,0.0,0.0,It was so hot in Australia that the asphalt melted on a stretch of highway https://t.co/CZAndxpbjy,68,@nytimes
468,0.7125,Mon Jan 08 16:30:22 +0000 2018,0.771,0.0,0.229,"RT @melbournecoal: The new editor of GLAMOUR is...Samantha Barry, the first top editor at Condé Nast with an exclusively digital and televi…",69,@nytimes
469,0.0,Mon Jan 08 16:20:07 +0000 2018,1.0,0.0,0.0,FEMA is substantially redrawing New York City’s flood maps to account for climate change. Deciding who is in the fl… https://t.co/AgwOw3TItV,70,@nytimes
470,-0.4215,Mon Jan 08 16:10:04 +0000 2018,0.725,0.188,0.087,"RT @marcatracy: Tonight, Georgia's band will over and over play a Georgia fight song. It's ""Battle Hymn of the Republic."" How the Civil War…",71,@nytimes
471,0.0,Mon Jan 08 16:00:34 +0000 2018,1.0,0.0,0.0,Do parents make kids fat? https://t.co/4YjB4jynMC,72,@nytimes
472,0.0,Mon Jan 08 15:55:07 +0000 2018,1.0,0.0,0.0,"RT @nytvideo: The Trump administration will end a program that allowed nearly 200,000 people from El Salvador to stay in the U.S. In this v…",73,@nytimes
473,0.0,Mon Jan 08 15:51:07 +0000 2018,1.0,0.0,0.0,Some of the economic policies Trump's administration is pursuing are at odds with what many in the farm industry sa… https://t.co/Z6Fw7JV7x9,74,@nytimes
474,0.5994,Mon Jan 08 15:41:05 +0000 2018,0.754,0.0,0.246,"RT @nytopinion: Trump's defenders have learned to praise him in order to steady him, writes @CharlesMBlow https://t.co/M4ihQXJKG9",75,@nytimes
475,-0.836,Mon Jan 08 15:33:07 +0000 2018,0.706,0.294,0.0,"Recy Taylor, who Oprah Winfrey mentioned in her Golden Globes speech, was abducted and raped by 6 white men in 1944… https://t.co/yNKXXg9dpp",76,@nytimes
476,0.0,Mon Jan 08 15:20:13 +0000 2018,1.0,0.0,0.0,"President Hassan Rouhani of Iran lashed out at his hard-line opponents: ""One cannot force one's lifestyle on the fu… https://t.co/Q3IPF3oHOu",77,@nytimes
477,0.0,Mon Jan 08 15:20:05 +0000 2018,1.0,0.0,0.0,"Breaking News: Nearly 200,000 Salvadorans allowed to live in the U.S. temporarily after 2 earthquakes in 2001 must… https://t.co/m3rU3Opnnb",78,@nytimes
478,0.0258,Mon Jan 08 15:11:08 +0000 2018,0.794,0.1,0.105,RT @NYTScience: “There’s this hollowness yet this ghostlike pain still there which is fascinating from a scientific perspective but horrifi…,79,@nytimes
479,-0.128,Mon Jan 08 15:10:07 +0000 2018,0.933,0.067,0.0,"Seth Meyers wisecracked about the notion that Oprah Winfrey might run for president. By the end of her speech, it s… https://t.co/225ffDJ7bI",80,@nytimes
480,0.7125,Mon Jan 08 15:04:55 +0000 2018,0.762,0.0,0.238,"RT @melbournecoal: BREAK: GLAMOUR has chosen its next top editor: Samantha Barry, an executive producer at CNN. Her digital and television…",81,@nytimes
481,0.0,Mon Jan 08 15:00:35 +0000 2018,1.0,0.0,0.0,Morning Briefing: Here's what you need to know to start your day https://t.co/nv888KXNiY https://t.co/VofYEJ5Wmx,82,@nytimes
482,0.0,Mon Jan 08 14:46:05 +0000 2018,1.0,0.0,0.0,Video: #MeToo leads at the Golden Globes https://t.co/FGqPe6hoY2,83,@nytimes
483,0.0,Mon Jan 08 14:41:02 +0000 2018,1.0,0.0,0.0,"Last May, Jared Kushner accompanied President Trump on the pair’s first diplomatic trip to Israel.

Shortly before,… https://t.co/Wh8ixjfeAJ",84,@nytimes
484,-0.2732,Mon Jan 08 14:36:33 +0000 2018,0.684,0.198,0.118,"RT @UpshotNYT: The jobless rate is low; so are the president's approval ratings. Historically, there is something wrong with this picture.…",85,@nytimes
485,-0.8126,Mon Jan 08 14:31:09 +0000 2018,0.571,0.364,0.064,A fire broke out near the top of Trump Tower in New York. A firefighter was hurt by falling debris and 2 civilians… https://t.co/4hDyD7QG0Z,86,@nytimes
486,0.0,Mon Jan 08 14:15:14 +0000 2018,1.0,0.0,0.0,Eight pairs of actresses and activists attended the Golden Globes together. Here's what the talked about. https://t.co/sGsKyd6ayI,87,@nytimes
487,0.0,Mon Jan 08 14:00:22 +0000 2018,1.0,0.0,0.0,Bannon needs Breitbart. Does Breitbart need Bannon? https://t.co/tZJwuNPPJN,88,@nytimes
488,0.0,Mon Jan 08 13:46:07 +0000 2018,1.0,0.0,0.0,Natalie Portman delivered a line that instantly landed among the Golden Globes's most memorable https://t.co/MfWRlh8Qst,89,@nytimes
489,0.0258,Mon Jan 08 13:32:06 +0000 2018,0.687,0.155,0.159,"""The Globes still celebrated the power players of a system in which Harvey Weinstein, whose abuses precipitated the… https://t.co/Wd3YTSqaSn",90,@nytimes
490,0.0,Mon Jan 08 13:00:28 +0000 2018,1.0,0.0,0.0,Morning Briefing: Here's what you need to know to start your day https://t.co/23Cz3w9O2c https://t.co/CZj0pS6XM0,91,@nytimes
491,-0.7096,Mon Jan 08 12:45:15 +0000 2018,0.704,0.296,0.0,Iran has banned the teaching of English in primary schools to block Western “cultural invasion” https://t.co/aN2PrcD34n,92,@nytimes
492,-0.7003,Mon Jan 08 12:31:05 +0000 2018,0.746,0.254,0.0,"A senior BBC News editor accused the network of operating a ""secretive and illegal"" salary system that pays men mor… https://t.co/JB8M9n4B4r",93,@nytimes
493,0.0,Mon Jan 08 12:15:09 +0000 2018,1.0,0.0,0.0,A transcript of Seth Meyers's Golden Globes monologue https://t.co/MeEYazWZ6h,94,@nytimes
494,0.2732,Mon Jan 08 12:00:21 +0000 2018,0.89,0.0,0.11,"President Trump defended his fitness for office after a new book raised questions about his mental health, calling… https://t.co/AZZgNfvkgC",95,@nytimes
495,0.0258,Mon Jan 08 11:50:08 +0000 2018,0.942,0.0,0.058,"Stephen Bannon tried backing away from his explosive comments, saying that the younger Trump was ""both a patriot an… https://t.co/TpdTx9rGoe",96,@nytimes
496,0.0,Mon Jan 08 11:40:13 +0000 2018,1.0,0.0,0.0,"Read speeches from Elisabeth Moss, Laura Dern, Frances McDormand and Gary Oldman https://t.co/vXYIWzJyXj",97,@nytimes
497,0.0,Mon Jan 08 11:30:06 +0000 2018,1.0,0.0,0.0,Morning Briefing: Here's what you need to know to start your day https://t.co/onNxHFF46I https://t.co/uC0AobaWGP,98,@nytimes
498,-0.2732,Mon Jan 08 11:21:02 +0000 2018,0.909,0.091,0.0,"An Iranian oil tanker that collided with another ship off China's coast is at risk of exploding and sinking, the Ch… https://t.co/XrCcYABhA0",99,@nytimes
499,0.4215,Mon Jan 08 11:11:02 +0000 2018,0.877,0.0,0.123,"RT @nytimesworld: Remember the “new Coke” blunder? The makers of Irn Bru, a popular Scottish soda, are facing a similar uproar from custome…",100,@nytimes
